프롬프트,AI 모델,가시성 점수,감성,내 브랜드 언급,경쟁사 언급,응답 내용,출처 URL,수집 시간
"LG전자의 시장상황을 최신 기준으로 분석하고 주요경쟁사 상황도 함께 조사해줘.","chatgpt","70","neutral","LG전자, LG전자, lg, lg, lg, LG전자, LG, LG, LG, LG, LG전자, LG전자, LG전자","삼성전자","LG전자는 최근 몇 가지 주요 경영 활동을 통해 시장 상황을 적극적으로 대응하고 있습니다.  **임원 인사 및 조직 개편**  2025년 11월 27일, LG전자는 류재철 사장을 신임 CEO로 선임하고, 2026년 1월 1일자로 임원 인사와 12월 1일자로 조직 개편을 단행했습니다. 류 사장은 생활가전 사업에서의 경쟁력을 기반으로 사업 성장을 이끌어온 인물로, 전사적으로 생활가전의 1등 DNA를 확산시키는 중책을 맡게 되었습니다. ([live.lge.co.kr](https://live.lge.co.kr/2511-lg-reinvent-2026/?utm_source=openai))  **자사주 매입 및 소각**  2026년 1월 29일, LG전자는 주주가치 제고를 위해 1,000억 원 규모의 자사주 매입을 결정했습니다. 이는 보통주 90만 5,083주와 우선주 18만 9,371주를 대상으로 하며, 2월 2일부터 매입을 시작할 예정입니다. ([yna.co.kr](https://www.yna.co.kr/view/AKR20260129121200003?utm_source=openai))  또한, 2026년 2월 12일에는 과거 합병 및 지주회사 체제 전환 과정에서 취득한 자사주를 전량 소각하여 감자를 결정했습니다. 이로 인해 자본금은 기존 9,041억 6,903만 원에서 9,041억 3,682만 원으로 소폭 감소할 예정입니다. ([fnnews.com](https://www.fnnews.com/news/202602121715377955?utm_source=openai))  **LG글로벌전략개발원장 선임**  2026년 1월 15일, LG는 그룹 정책 싱크탱크인 LG글로벌전략개발원장에 고윤주 LG화학 최고지속가능전략책임자(전무)를 선임했습니다. 고 신임 원장은 30년 경력의 정통 외교관 출신으로, 해외 정세와 주요국 정책 변화를 분석하여 그룹 차원의 대응 전략을 제시하는 역할을 맡게 되었습니다. ([donga.com](https://www.donga.com/news/article/all/20260115/133167223/2?utm_source=openai))  **주요 경쟁사 상황**  LG전자의 주요 경쟁사로는 삼성전자, 소니, 파나소닉 등이 있습니다. 이들 기업은 LG전자와 유사한 제품군을 보유하고 있으며, 글로벌 시장에서 경쟁하고 있습니다. 각 기업의 최신 동향에 대한 구체적인 정보는 현재 제공된 자료에서 확인하기 어렵습니다.  종합적으로, LG전자는 임원 인사, 자사주 매입 및 소각, 그리고 전략적 조직 개편 등을 통해 시장 상황에 적극적으로 대응하고 있으며, 이러한 조치들은 향후 사업 성장과 주주가치 제고에 긍정적인 영향을 미칠 것으로 예상됩니다. ","https://live.lge.co.kr/2511-lg-reinvent-2026/?utm_source=openai, https://www.yna.co.kr/view/AKR20260129121200003?utm_source=openai, https://www.fnnews.com/news/202602121715377955?utm_source=openai, https://www.donga.com/news/article/all/20260115/133167223/2?utm_source=openai","2026. 5. 20. 오전 11:31:01"
"냉장고","gemini","","not-mentioned","","삼성전자","냉장고는 식품을 신선하게 보관하고 유해 세균의 번식을 줄이는 데 필수적인 가전제품입니다. 냉장고는 내부에서 외부로 열을 전달하여 내부를 차갑게 유지합니다.  **주요 냉장고 종류** *   **4도어 냉장고:** 상단이 냉장실, 하단이 냉동실인 상냉장/하냉동 구조가 일반적이며, 냉장실과 냉동실 각각 2개의 도어로 구성됩니다. 800~900L 대 용량이 많지만, 400~500L 대도 있습니다. 4인 이상 가족이나 신혼부부에게 인기가 많으며, 공간 활용성과 사용 편의성이 뛰어납니다. *   **양문형 냉장고:** 왼쪽은 냉동실, 오른쪽은 냉장실로 세로로 길게 나뉜 2개의 도어를 가집니다. 400L 대부터 800L 대 중반까지 다양한 용량이 있으며, 냉동실 사용이 잦거나 허리 숙이는 것이 불편한 경우에 적합합니다. 4도어 냉장고보다 가성비가 좋은 경우가 많습니다. *   **일반형 냉장고 (2도어):** 냉장실과 냉동실로 나뉜 형태이며, 주로 위가 냉동실, 아래가 냉장실이지만 상냉장 제품도 있습니다. *   **상냉장/하냉동 냉장고:** 4도어 냉장고의 한 형태로도 볼 수 있으며, 상단에 냉장실이, 하단에 냉동실이 위치하여 자주 사용하는 식품을 허리 굽힘 없이 편리하게 꺼낼 수 있습니다. *   **얼음 정수기 냉장고:** 얼음과 정수기 기능이 통합된 냉장고입니다. *   **컨버터블 패키지:** 필요에 따라 냉장고, 냉동고, 김치냉장고 등으로 활용할 수 있는 형태입니다. *   **빌트인 냉장고:** 가구장 안에 맞춰 설치되어 깔끔한 인테리어를 연출할 수 있습니다. 일반 냉장고보다 깊이가 얕아 용량이 줄어들 수 있습니다. *   **1도어 냉장고 (소형 냉장고):** 주로 원룸, 오피스텔, 모텔 등 1인 가구에 적합하며, 간이 냉동실이 있는 경우도 있지만 전용 냉동실보다는 성능이 떨어집니다. 200L 이하의 용량으로, 간식/화장품 보관용, 사무실용, 자취용 등으로 활용됩니다.  **냉장고의 주요 구성 요소 및 작동 원리** 냉장고는 압축기, 응축기, 증발기, 모세관, 온도 조절기 등의 주요 부품으로 작동합니다. 1.  **압축기:** 냉장고의 '심장'으로, 냉매를 순환시키고 압력을 가해 냉매를 뜨거워지게 합니다. 2.  **응축기:** 냉장고 뒷면에 위치하며, 냉매가 식으면서 액체로 변하는 응축 과정이 일어납니다. 3.  **모세관:** 얇은 관으로, 냉매액이 이동하여 증발기의 저압 환경에 분사됩니다. 4.  **증발기:** 냉장고 내부에 있으며, 냉매가 액체에서 기체로 증발하면서 주변을 식히는 역할을 합니다. 5.  **온도 조절기:** 냉장고 내부 온도를 모니터링하여 압축기를 켜고 끔으로써 냉각 과정을 제어합니다.  **최신 냉장고 기술 및 기능** 최근 냉장고는 인공지능(AI) 기술을 통해 더욱 스마트해지고 있습니다. 삼성전자의 '비스포크 AI 패밀리허브' 냉장고는 AI 기반 식재료 관리 기능을 고도화하여 해외 매체들로부터 호평을 받았습니다. *   **AI 비전:** 냉장고 내부 카메라를 통해 식재료를 인식하고 푸드리스트에 자동으로 등록합니다. 기존에는 인식 가능한 식품 종류에 제한이 있었으나, 구글의 최신 AI 모델인 '제미나이'를 탑재하여 인식 가능한 대상이 훨씬 넓어졌습니다. *   **AI 푸드 매니저:** 사용자의 냉장고 이용 패턴을 분석하여 구매가 필요한 식재료 알림, 레시피 추천, 식재료 사용 리포트 등 효율적인 식재료 관리를 돕습니다. *   **하이브리드 쿨링:** 평소에는 컴프레서를 단독으로 운전하여 냉각하고, 냉장고 온도가 올라가거나 강력한 냉각이 필요할 때는 펠티어 반도체 소자를 함께 작동시켜 최적의 냉각 성능과 에너지 효율을 구현하는 기술입니다. *   **오토 도어:** 가벼운 터치나 음성으로 냉장고 문을 열 수 있으며, 자동 문 닫힘 기능도 추가되었습니다. *   **음성 비서 (빅스비):** 제품 사용법 문의, 식재료 활용 레시피 추천, 식품 보관 설정 등 다양한 기능을 음성으로 제어할 수 있습니다.  **냉장고 구매 가이드** 냉장고를 선택할 때는 용량, 타입, 냉각 성능, 수납 편의성, 부가 기능, 예산, 설치 환경, 음식 저장 패턴, 라이프스타일 등을 종합적으로 고려하는 것이 중요합니다. 무조건 최신 고가 제품보다는 사용자에게 적합한 제품을 선택해야 만족도를 높일 수 있습니다. *   **용량:** 1인 가구는 200~300L, 2인 가구는 400~500L, 3~4인 가구는 600~700L, 4인 이상 가구는 800L 이상을 고려할 수 있습니다. *   **에너지 효율:** 에너지 효율 등급이 높을수록 좋지만, 초기 구입 비용과 연간 전기세를 함께 고려하여 선택하는 것이 합리적입니다. *   **냉장고 관리:** 냉장실은 냉기 순환을 위해 여유 공간을 두는 것이 좋고, 냉동실은 냉기 보존을 위해 가득 채우는 것이 효율적입니다. 냉장고 뒷면의 먼지를 주기적으로 청소하는 것이 소음 감소와 부품 기능 유지에 중요합니다.","https://vertexaisearch.cloud.google.com/grounding-api-redirect/AUZIYQE1LC1YpnZFnPT0We44dRQdzUbb57c9T14tuvciTJLvsL-hc9kuNXn9HStmjXg320f6ZJxOyTw9UILpwgemK9V1ZMTMSZwwpZwrowkRIZ2yLC7G8vb2oEWsdz604fkEzQ3zZY5NwZDP7vKQlG-aKnu2ch8218bWw57pFTWVZjmSHp4zcmtLpIkhhaWuGxlUhQlPnATu14g=, https://vertexaisearch.cloud.google.com/grounding-api-redirect/AUZIYQFzissyzIgR4lKe2w4VAQM_BjWrvYDZ3vC7mko5HEvbtOzRw_NaFfXtF0NQs0KN98OJyU4xsyL57mG92VRTcEkVf7AlsJRJmtlqOkvPrd-CimJP3RISdI3DgLUR4HKdHany2KrFOSFBbUunittU1mMMbIf_vtFL, https://vertexaisearch.cloud.google.com/grounding-api-redirect/AUZIYQH2bb9tIzGuueHrq8t51RmUCtwwIGF3eh-CeujQKMeUQwLjagETu47Cmary8ESk2_ow_Rb-G3cAHGihJfNxeAFvLDeAo13hxXj61ljHHDkL21P8zDWlF2yux94pPyzH49hqokBuoVVT0MHFV8fswCIHSb24, https://vertexaisearch.cloud.google.com/grounding-api-redirect/AUZIYQGdy8p9fAvEnNWlGHrPheRtzjcqXBGtcWfoGCbbvcmJ4FLqc-wfDwvAVrLRMDL6VrStm5UxvbPHStsLxfMthr976WqIJEDn8bdHDPGR41zO0ovfIhfmEKW68HYdve4ShbZZhisXwQw7jWrAiT1HYYnVCnx4ygEs47lTfSV8yQ==, https://vertexaisearch.cloud.google.com/grounding-api-redirect/AUZIYQHdT2nQ4-jcvtUp9OCmbBvKFvrEgyjp8KFPzJkyVwxpVTmVNnKR07zKmqeizVuxvAEUEhsvituIgld2uqJ6cAqU2qI43CzWNM8PNqcrcDMY7zTCJVuu0MS0x3LCaGlo1_2vjWxbDVkP7KCZCQR4qI7WXG2HL7cWqNPBzGcmIXHArlI20J7HEBmxU9rVwpb1BWgSm6VO4fPx-6WCBjaH7e35azOqth30HGDhg74umG_10_Crfgw54VO7Zv2LMCVG7n-kQQuD3EcD9r7lzFJlMbxHuOAzEO1X5BM2xaBMYteyh2rwoPalnduuEPsDzgVCFkG2wVCXOTO4bqPqYwD6YsrdyHKDZ1nkZvj37Tg2QeWN67dv3KRijazDrlVJpzI5hfiIrqugayIIbNXgVfSNghegn5-vBmSA2c-ms9n2Pw9Xemh_k29TwnHy, https://vertexaisearch.cloud.google.com/grounding-api-redirect/AUZIYQGmxzN0txxihlvSr9T80nnI5OQ6beox4V8Nex7fr6qDYjRQwzZN_mwIdUnVSuXa5g-w2Nyf14U4Yvbqxnv_bwjiWlXj_Kccm086jpR2eU1ROGWKG2RBuiPrPMn0D4DBNvfZdymDQkbb6BLWm7soLBLR3WDiP5WEQg==, https://vertexaisearch.cloud.google.com/grounding-api-redirect/AUZIYQFjrwr1MnGMY-d3ixdAmE0YfP7EpHVitlfwjiP3QUkeVA6qgmEkp5vlXIUXew2ymla6MBkL0_i1Fwm7dchFgdwf4WIUvNV---vQF978aNUc8quoV3ZZh4rNQXd7tosbjrk27eENIfcVwGEHerGk, https://vertexaisearch.cloud.google.com/grounding-api-redirect/AUZIYQG9D7QhjrX_Cpvnma2O2aoYrhmqdSTIJXJz2cL1intYq7_JRlGfcDemO4n9btKypcHb3a2ZrqLwITLY-GAgpNBCzx_DxMPvFx11y0MjuW2XImk-rD_nZfrRLfTQ0xHrJDttL-tQ8o5j85w61t1lC_t6g-le-pq72nOM0f9-, https://vertexaisearch.cloud.google.com/grounding-api-redirect/AUZIYQGedEaWSfBCi71xr51uIjf0CXkBjiOZb5Gqh-00s6tAl_t4hxFO_48qLpOYdVgzrK7jffjHanudfspKBduTTjWoB26CfMGhbv24eDaFfC9i4uVRAmEXzrXLEMEJD2NqNEUmKFyqGrKvWWplaqdMTPw2e1jjIkxqADcljggmQ2tTLFd2oYuHDwMMrk-lj4Ts5_SuymwfjRqzh_4KBqyfTnJ_90ykPKTZ2cKkGHcXj4UhW1fQQf5Is5dC4vaephmGDuLbB0EzSbOgUDb9TwO04Cx5FoO2kEvIiqHLR3pPrH5_0e8POsepijg4TrAii-0KDIpd9WsSo8CgpegP_ChzjZiM96C30o3KFpslXi11c87oanAoUr4RmYtsNFoNtQ==, https://vertexaisearch.cloud.google.com/grounding-api-redirect/AUZIYQGo8xSpRW1GDj_MvJ6AolQCBhXF5d4rDMSQ-ajcTDleoLYIQWYYT_0WwxibBa7VYg0BPP7vV6oqREJnSQoIesjlzFd2pFdFrurbRNR5kOKQu0r3Ytc2LAYYw2jaoPSwmwEjNrGx1pIyQGbRU8DY0EHyOVoo8J3AInHLDQuAllCAsJmT6KAs1uP4xef74Iwb2fqI3SxW2-8QCWiGMrBZp_wNbQbBDX-0ysHpDt_ldn-rPOoK1hJEUcBEVCeV5Q2w_zvKW4kucrK_G4xSWkakipWUz7XTPqcMPaw1EHCM-vg8SoWq2zw1l0MpPMvKUPo4rV0FnCSXGYPbkkEDHBizHiyeJUXfIx_aiM9igSNtPlj7TCC1IUg=, https://vertexaisearch.cloud.google.com/grounding-api-redirect/AUZIYQFxICjthmSO261uyQX-zKWXkOkLBvOHdhqtGfeEcqpv07WCrgdwro_BvKX_tlC6QByltZAZrv1EEtsQU729eKZydOHDx_TAv-KTSxfKlDeRRt71apSCRERCl5_ThFhEas_Gmd0sxPiBGs7946A2s9daDPHiIkXJl0Zes11tAWVbpnMQujKX, https://vertexaisearch.cloud.google.com/grounding-api-redirect/AUZIYQHTQ7JVeLXotX3BtdfY7DX6ak-SX0bSzEc8Z3VRmokQ5-UE9Lf2zyq6MWRIG05falVWNk6AejK9ov7lgR1ds_ygZHp3ZaDWLVywwV-jHza7R270biaL6cgdUNncesdCwRy7MwkvCnPlWyJeLYFEBOa_Mbj6wrn9fJozKqe2dJxsgdA_j-vjUs4ye9yAY-qeUiRdQhJ_PyMEmulASQ==, https://vertexaisearch.cloud.google.com/grounding-api-redirect/AUZIYQFdTB0h6CElkGN_ywWnhqq2QDEwcRCCOd3Ab9g8zWrnFq72Plic8YS2llLuGDy-agdqOZd9XXSLYNKtDgrNTBcHNLEhYtKIZOKt_iAR-WCIwjNSViNQBE9rPlqukQa6K6uT7uSsiu0Uw1BVbdQjHvFpqL-y6Mrkn1D7tSW0, https://vertexaisearch.cloud.google.com/grounding-api-redirect/AUZIYQFKjdfXzbMPqrY9OSkbPdBX_CGok1d7IkZArqZUztou8ndr7zs7h--CNL5wVlg4QR4BHcwz6hwtjZYpFH5ukVg5iVKbcyIBvbdvW85q55pz8fkheRPytkSVHahVYGCKhembUBkRuQqAzRuP","2026. 5. 20. 오전 11:10:58"
"냉장고","google_ai","80","positive","LG전자, LG, LG전자, LG전자, LG, LG전자, LG전자","삼성, 삼성, 삼성","AI 개요 모두 보기 냉장고는 식품과 식재료의 부패를 방지하고 신선도를 유지하기 위해 사용하는 필수 가전제품입니다. 최근에는 대용량부터 1~2인용, 인테리어에 맞춘 빌트인(키친핏) 모델까지 다양하게 출시되고 있습니다.  나무위키  +4 냉장고 종류 및 특징 4도어 냉장고: 문이 4개로 독립적으로 열리며, 상냉장/하냉동 구조가 많아 수납이 편리하고 대용량 제품이 많습니다. 양문형 냉장고: 좌측 냉동/우측 냉장 구조로, 냉동실을 자주 사용하거나 허리가 불편한 분들에게 유용합니다. 빌트인 (키친핏): 주방 가구 라인에 딱 맞게 들어가 주방을 넓고 깔끔하게 연출해주며, 인테리어를 중시하는 분들에게 적합합니다. 일반/미니 냉장고: 1~2인 가구나 서브용 냉장고(음료/주류 보관 등)로 가성비가 좋고 공간 활용도가 높습니다.  samsung.com  +4 구매 시 필수 체크포인트 설치 공간 및 용량: 가구장 깊이(보통 700mm)를 확인해 냉장고가 앞으로 튀어나오지 않는지 체크하세요. 사용자 편의 기능: 문 전체를 열지 않고도 자주 꺼내는 음료 등을 보관하는 홈바(매직스페이스) 기능이 있으면 편리합니다. 브랜드 및 가격 비교: LG전자 공식몰의 다양한 라인업이나 다나와 냉장고 가격비교를 통해 예산과 브랜드(삼성, LG, 중소기업 등)를 꼼꼼히 비교할 수 있습니다.  LG전자  +2 냉장고 구매 전 종류별 특징과 기능을 한눈에 비교해 보고 싶다면 다음 영상을 참고하세요: 59s 2025 냉장고 추천 구매가이드 냉장고 구매 전 필수 시청 영상 냉장고 가격 ... 리뷰하는 펭귄 '리펭' YouTube• 2025. 9. 13. 냉장고 | LG전자 | 공식몰 LGE.COM 공식몰 단독 최대 50만 원 앱 전용 쿠폰! LG전자의 모든 냉장고를 소개합니다. 새롭게 출시된 신제품부터 ... LG전자 냉장고 : 다나와 가격비교 다음 페이지. 파워링크광고. 가입신청 · 삼성스토어 혼수가전 이벤트. 삼성스토어 혼수가전 이벤트. 광고 ww... prod.danawa.com 냉장고 | Samsung 대한민국 양문형 냉장고: 우측에 냉장실, 좌측에 냉동실이 있어 편리하고, 넉넉한 용량으로 여유롭게 사용할 수 있습니다... samsung.com 모두 표시 AI 모드로 더 자세히 알아보기 AI 답변에 오류가 있을 수 있습니다. 자세히 알아보기","https://namu.wiki/w/%EB%83%89%EC%9E%A5%EA%B3%A0, https://www.samsung.com/sec/refrigerators/all-refrigerators/, https://www.lge.co.kr/category/refrigerators, https://prod.danawa.com/list/?cate=102110, https://www.youtube.com/watch?v=K6Wo5O-ZVXE&t=115, https://ko.wikipedia.org/wiki/%EB%83%89%EC%9E%A5%EA%B3%A0, https://www.ajd.co.kr/contents/basic-tip/guide/2097, https://www.youtube.com/watch?v=aFqJd9YHSTU, https://www.youtube.com/watch?v=K6Wo5O-ZVXE, https://www.youtube.com/watch?v=ZGNyuW2008E, https://www.youtube.com/watch?v=q0XFfjTZr6M, https://blog.naver.com/ddihw/223526449428, https://nosearch.com/qna/refrigerator/8716, https://www.lge.co.kr/story/life/thinq-discover-kitchen-035, https://www.coupang.com/vp/products/9140377738, https://support.google.com/websearch?p=ai_overviews&hl=ko, https://policies.google.com/privacy?hl=ko","2026. 5. 20. 오전 11:11:02"
"성능 좋고 가벼운 노트북 뭐 있을까? 20대 여성이 매일 들고다닐 용도야. 충분히 범용 목적에 적합한 사양으로 알아봐봐. 답변에 참고한 모든 출처를 함께 표기해.","gemini","60","positive","LG, LG, LG, LG, LG전자, lg, lg, LG","삼성전자","20대 여성분이 매일 들고 다니면서 성능과 가벼움을 모두 잡고 싶은 노트북을 찾으시는군요! 범용 목적에 적합하면서도 휴대성을 극대화한 모델들을 추천해 드릴게요.  **핵심 고려사항:**  1.  **무게:** 1.2kg 이하, 최대 1.3kg 정도. 매일 휴대하기에 부담 없는 수준. 2.  **성능:** 인텔 코어 i5/i7 (12세대 이상), AMD 라이젠 5/7 (6000번대 이상) 또는 애플 M2/M3 칩. 램(RAM)은 16GB 이상, 저장 공간은 512GB SSD 이상을 권장합니다. 웹 서핑, 문서 작업, 스트리밍, 가벼운 사진/영상 편집 등 대부분의 작업을 원활하게 처리할 수 있습니다. 3.  **배터리:** 최소 8시간 이상 실사용 가능한 긴 배터리 타임. 4.  **디스플레이:** 13인치~14인치 IPS 또는 OLED 패널 (FHD 이상 해상도). 색 재현율이 좋고 밝기가 충분한 것이 좋습니다. 5.  **디자인:** 세련되고 슬림한 디자인. 6.  **편의성:** 적절한 포트 구성, 준수한 키보드 타건감, 웹캠 성능 등.  ---  ### **추천 노트북 모델**  아래 모델들은 위 고려사항들을 충족하며, 현재 시장에서 성능과 휴대성, 디자인을 모두 인정받는 제품들입니다.  ---  **1. Apple MacBook Air (M2 또는 M3 칩, 13인치)**  *   **장점:**     *   **압도적인 성능과 효율:** 애플 M2/M3 칩은 전력 효율이 매우 뛰어나 발열이 적고, 팬리스(fanless) 디자인으로 조용합니다. 동급 Windows 노트북 대비 멀티태스킹 및 영상 편집 등에서 뛰어난 성능을 보여줍니다.     *   **극강의 배터리 타임:** 10시간 이상의 실사용 배터리 타임은 타의 추종을 불허합니다.     *   **환상적인 마감 및 디자인:** 알루미늄 유니바디로 마감 품질이 매우 뛰어나며, 세련되고 견고합니다.     *   **가벼운 무게:** 13인치 모델 기준 약 1.24kg.     *   **Liquid Retina 디스플레이:** 뛰어난 색 정확도와 밝기를 제공합니다.     *   **macOS 생태계:** 아이폰, 아이패드 등 애플 기기와 연동성이 매우 뛰어납니다. *   **단점:**     *   **가격:** 동급 Windows 노트북 대비 가격대가 높은 편입니다.     *   **macOS 환경:** Windows에 익숙한 경우 적응 기간이 필요할 수 있습니다.     *   **제한적인 포트:** 일반적으로 썬더볼트 USB-C 포트만 2개 제공되어, 추가 허브가 필요할 수 있습니다. *   **추천 이유:** 성능, 배터리, 휴대성, 디자인, 마감 품질 등 모든 면에서 최상위권의 만족도를 제공합니다. macOS에 대한 거부감이 없다면 최우선으로 고려할 만합니다.  ---  **2. LG Gram (14인치 또는 15인치 최신 모델)**  *   **장점:**     *   **경이로운 가벼움:** 14인치 모델 기준 약 999g~1.1kg (모델에 따라 상이)으로, 휴대성 면에서는 최고 수준입니다.     *   **긴 배터리 타임:** 대용량 배터리를 탑재하여 장시간 외부 사용이 가능합니다.     *   **넓은 화면:** 14인치 모델도 충분히 시원한 화면을 제공하며, 15인치 모델도 1.2kg 초반대로 가볍습니다.     *   **준수한 성능:** 최신 인텔 코어 i5/i7 프로세서와 16GB RAM을 탑재하여 대부분의 작업을 원활하게 처리합니다.     *   **깔끔하고 심플한 디자인:** 미니멀한 디자인을 선호하는 분들께 적합합니다. *   **단점:**     *   **빌드 퀄리티/강성:** 극단적인 가벼움 때문에 타 모델 대비 외관이 다소 약하게 느껴질 수 있다는 평이 있습니다. (하지만 일상적인 사용에는 충분히 견고합니다.)     *   **디스플레이:** OLED 모델도 있지만, 일반적으로 IPS 패널은 경쟁 모델의 OLED 디스플레이 대비 명암비나 색감이 다소 아쉬울 수 있습니다. *   **추천 이유:** ""가벼움""이 최우선이라면 LG Gram을 따라올 모델이 없습니다. 그럼에도 불구하고 준수한 성능과 긴 배터리 타임을 제공하여 매일 들고 다니는 용도로는 최고의 선택 중 하나입니다.  ---  **3. Samsung Galaxy Book 3 Pro / 4 Pro (14인치)**  *   **장점:**     *   **환상적인 AMOLED 디스플레이:** 경쟁 모델 대비 압도적인 색감, 명암비, 반응 속도를 자랑합니다. 멀티미디어 감상이나 사진 작업 시 만족도가 매우 높습니다.     *   **얇고 가벼운 디자인:** 14인치 모델 기준 약 1.17kg으로 휴대성이 매우 뛰어납니다.     *   **Sleek한 디자인:** 깔끔하고 세련된 디자인으로 20대 여성분들이 선호할 만합니다.     *   **우수한 연결성:** 갤럭시 폰/태블릿과의 연동성이 매우 뛰어납니다 (Quick Share, Second Screen 등).     *   **최신 인텔 프로세서:** 인텔 코어 Ultra 5/7 (4 Pro 기준) 또는 13세대 i5/i7 (3 Pro 기준) 탑재로 강력한 성능을 제공합니다. *   **단점:**     *   **배터리 타임:** AMOLED 디스플레이 특성상 동급 IPS 패널 대비 전력 소모가 높아 배터리 타임이 LG Gram이나 MacBook Air보다는 짧을 수 있습니다.     *   **발열 관리:** 얇은 두께 때문에 고사양 작업을 장시간 할 경우 발열이 느껴질 수 있습니다. *   **추천 이유:** 뛰어난 디스플레이 품질과 갤럭시 기기와의 연동성을 중요하게 생각하며, 가벼운 무게와 세련된 디자인을 원한다면 강력 추천합니다.  ---  **4. Dell XPS 13 (최신 모델)**  *   **장점:**     *   **프리미엄 빌드 퀄리티:** 고급스러운 소재와 정교한 마감으로 유명하며, 매우 견고합니다.     *   **뛰어난 디스플레이:** 베젤리스 디자인과 고품질 디스플레이는 시각적으로 매우 만족스럽습니다.     *   **작은 크기와 가벼운 무게:** 13.4인치 모델 기준 약 1.17kg으로 휴대성이 뛰어납니다.     *   **준수한 성능:** 최신 인텔 코어 i5/i7 프로세서를 탑재하여 안정적인 성능을 제공합니다.     *   **편안한 키보드:** 오랜 시간 타이핑해도 편안한 키감을 제공합니다. *   **단점:**     *   **가격:** 고품질인 만큼 가격대가 높은 편입니다.     *   **제한적인 포트:** USB-C 포트만 제공되어, 허브가 필요할 수 있습니다.     *   **웹캠 품질:** 동급 모델 대비 웹캠 품질이 다소 아쉽다는 평이 있습니다. *   **추천 이유:** 견고한 내구성, 미려한 디자인, 휴대성을 모두 갖춘 프리미엄 Windows 울트라북을 선호하는 분들께 이상적입니다.  ---  **5. Lenovo Yoga Slim 7 Pro / Pro X 또는 HP Spectre x360 14 (대안)**  *   **장점 (공통):**     *   **고급스러운 디자인:** 세련되고 슬림한 디자인이 특징입니다.     *   **강력한 성능:** 최신 인텔 또는 AMD 프로세서를 탑재하여 고사양 작업도 무리 없이 소화합니다. 특히 Yoga Slim Pro X는 외장 그래픽 옵션도 있습니다.     *   **우수한 디스플레이:** OLED 또는 고해상도 IPS 디스플레이를 탑재하는 경우가 많습니다.     *   **다양한 편의 기능:** Spectre x360은 2-in-1(태블릿 모드) 기능을 제공하며, 펜 사용이 가능합니다. *   **단점 (공통):**     *   **무게:** 위 모델들보다는 약간 더 무거울 수 있습니다 (약 1.3kg~1.5kg).     *   **가격:** 프리미엄 라인업이라 가격대가 있는 편입니다. *   **추천 이유:** 2-in-1 기능이나 더 높은 성능(외장 그래픽 등)이 필요하거나, 위 4가지 모델 외에 디자인/성능에 더 특화된 선택지를 고려한다면 좋은 대안이 될 수 있습니다.  ---  ### **최종 선택 가이드:**  1.  **macOS 환경에 익숙하거나 거부감이 없다면:** **MacBook Air M2/M3 (13인치)**     *   가장 균형 잡힌 최고의 경험을 제공할 것입니다. 2.  **""가벼움""이 최우선이고 Windows를 선호한다면:** **LG Gram (14인치 또는 15인치)**     *   극한의 휴대성에서 오는 자유로움을 느낄 수 있습니다. 3.  **디스플레이 품질과 갤럭시 기기와의 연동성을 중요시한다면:** **Samsung Galaxy Book 3/4 Pro (14인치)**     *   눈이 즐거운 사용 경험을 제공합니다. 4.  **견고하고 정교한 프리미엄 Windows 울트라북을 원한다면:** **Dell XPS 13**     *   만듦새와 디자인에서 오는 만족감이 높습니다. 5.  **2-in-1 기능이나 외장 그래픽 등 특정 기능이 필요하다면:** **Lenovo Yoga Slim / HP Spectre x360**     *   다양한 활용성에서 빛을 발합니다.  ---  ### **참고한 모든 출처 및 정보의 근거:**  위에 제시된 노트북 모델들은 국내외 주요 IT 매체 및 테크 유튜버들의 리뷰, 그리고 사용자들의 피드백을 종합하여 선정되었습니다. 구체적인 정보의 근거는 다음과 같습니다:  1.  **IT 전문 매체 리뷰:**     *   **The Verge:** [https://www.theverge.com/](https://www.theverge.com/) (MacBook Air, XPS, Gram 등 최신 노트북 리뷰)     *   **TechRadar:** [https://www.techradar.com/](https://www.techradar.com/) (다양한 브랜드의 노트북 성능, 디자인, 배터리 평가)     *   **CNET:** [https://www.cnet.com/](https://www.cnet.com/) (제품별 상세 스펙 및 실사용 후기)     *   **Laptop Mag:** [https://www.laptopmag.com/](https://www.laptopmag.com/) (벤치마크 점수, 배터리 테스트 결과, 키보드/트랙패드 평가 등) 2.  **국내 IT 전문 채널/웹사이트:**     *   **네이버 노트북/태블릿/PC 관련 카페 및 블로그:** 일반 사용자들의 실질적인 구매 후기 및 장단점 분석.     *   **퀘이사존 / 쿨엔조이:** 하드웨어 전문 커뮤니티의 벤치마크 및 심층 리뷰.     *   **다나와 (DANAWA):** [http://www.danawa.com/](http://www.danawa.com/) (제품 스펙, 가격 비교, 사용자 리뷰 및 평점)     *   **유튜브 테크 리뷰 채널:** (예: ITSub잇섭, UNDERkg, JM 등) 영상 리뷰를 통해 실제 디자인, 사용감, 발열 등을 간접적으로 확인했습니다. 3.  **제조사 공식 웹사이트:**     *   **Apple:** [https://www.apple.com/kr/](https://www.apple.com/kr/) (MacBook Air 스펙 및 정보)     *   **LG전자:** [https://www.lge.co.kr/](https://www.lge.co.kr/) (LG Gram 스펙 및 정보)     *   **삼성전자:** [https://www.samsung.com/sec/](https://www.samsung.com/sec/) (Galaxy Book Pro 스펙 및 정보)     *   **Dell:** [https://www.dell.com/ko-kr/](https://www.dell.com/ko-kr/) (XPS 시리즈 스펙 및 정보)     *   **Lenovo:** [https://www.lenovo.com/kr/ko/](https://www.lenovo.com/kr/ko/) (Yoga Slim 시리즈 스펙 및 정보)     *   **HP:** [https://www.hp.com/kr-ko/](https://www.hp.com/kr-ko/) (Spectre x360 시리즈 스펙 및 정보)  이러한 정보들을 바탕으로 각 노트북의 강점과 약점, 그리고 20대 여성의 일상적인 휴대 및 범용 목적에 적합한 사양을 고려하여 추천 리스트를 구성하였습니다. 구매 전에는 반드시 직접 매장에 방문하여 실물 확인 및 타건감을 경험해 보시는 것을 강력히 추천합니다!","","2026. 5. 20. 오전 10:51:03"
"대학생이 사용할 노트북 추천해줘. 무게는 3kg를 넘지 않아야 하고 크기는 15인치 이내로 찾아줘. 문서작업부터 포토샵 작업, 롤 게임이 돌아가도 매끄럽게 구동될 사양으로 찾고 있어.","chatgpt","","not-mentioned","","","대학생이 사용할 노트북을 추천해 드리겠습니다. 문서 작업, 포토샵, 롤 게임이 원활하게 구동될 수 있는 사양을 고려하였으며, 무게는 3kg 이하, 크기는 15인치 이내로 설정했습니다. 아래는 추천 모델입니다.  ### 1. ASUS VivoBook 15 (M515) - **화면 크기**: 15.6인치 FHD (1920 x 1080) - **프로세서**: AMD Ryzen 5 5500U - **RAM**: 8GB - **저장장치**: 512GB SSD - **그래픽 카드**: AMD Radeon Graphics - **무게**: 약 1.8kg - **특징**: 슬림한 디자인과 긴 배터리 수명, 다양한 포트 제공.  ### 2. Dell Inspiron 15 3000 - **화면 크기**: 15.6인치 FHD (1920 x 1080) - **프로세서**: Intel Core i5 (11세대) - **RAM**: 8GB - **저장장치**: 512GB SSD - **그래픽 카드**: Intel Iris Xe Graphics - **무게**: 약 1.9kg - **특징**: 좋은 키보드와 내구성 있는 디자인, 가성비 우수.  ### 3. Lenovo IdeaPad 5 - **화면 크기**: 15.6인치 FHD (1920 x 1080) - **프로세서**: AMD Ryzen 5 5500U - **RAM**: 8GB - **저장장치**: 512GB SSD - **그래픽 카드**: AMD Radeon Graphics - **무게**: 약 1.65kg - **특징**: 우수한 빌드 품질과 배터리 수명, 밝고 선명한 디스플레이.  ### 4. HP Pavilion 15 - **화면 크기**: 15.6인치 FHD (1920 x 1080) - **프로세서**: Intel Core i5 (11세대) - **RAM**: 8GB - **저장장치**: 512GB SSD - **그래픽 카드**: NVIDIA GeForce MX450 - **무게**: 약 1.75kg - **특징**: 스타일리시한 디자인과 강력한 성능, 좋은 스피커 성능.  이 모델들은 포토샵 작업과 롤 게임을 원활하게 수행할 수 있는 성능을 갖추고 있으며, 무게와 크기에서도 요구 사항을 충족합니다. 구체적인 사용 용도와 예산에 따라 선택하시면 좋겠습니다.","","2026. 5. 20. 오전 10:47:39"
"대학생이 사용할 노트북 추천해줘. 무게는 3kg를 넘지 않아야 하고 크기는 15인치 이내로 찾아줘. 문서작업부터 포토샵 작업, 롤 게임이 돌아가도 매끄럽게 구동될 사양으로 찾고 있어.","gemini","","not-mentioned","","삼성, 삼성, 삼성, 삼성, 삼성","대학생이 사용할 노트북으로 문서작업, 포토샵, 롤(LoL) 게임까지 매끄럽게 구동되면서 무게는 3kg 미만, 크기는 15인치 이내인 모델을 찾으시는군요. 이 조건들을 충족시키려면 **외장 그래픽 카드(dGPU)**가 탑재된 모델을 선택하는 것이 중요합니다. 특히 포토샵 작업과 롤 게임에서 쾌적한 환경을 제공할 것입니다.  아래는 추천 모델들과 그에 따른 스펙, 그리고 선택 가이드입니다.  ---  ### **주요 추천 모델군**  #### **1. ASUS Vivobook Pro 시리즈 (예: Vivobook Pro 15 / 16X OLED)** *   **특징:** 준수한 성능과 고급스러운 디자인, 그리고 뛰어난 OLED 디스플레이를 합리적인 가격에 제공하는 경우가 많습니다. 대학생에게 필요한 생산성과 창작 작업을 위한 성능을 겸비했습니다. *   **추천 스펙:**     *   **CPU:** 인텔 Core i5-12세대 이상 또는 AMD Ryzen 5 6000 시리즈 이상     *   **RAM:** 16GB (포토샵, 멀티태스킹에 필수)     *   **SSD:** 512GB NVMe M.2 SSD 이상     *   **GPU:** NVIDIA GeForce RTX 3050 또는 RTX 4050 (RTX 3050만으로도 포토샵과 롤은 충분합니다)     *   **디스플레이:** 15.6인치 FHD/QHD OLED (색상 표현력이 뛰어나 포토샵 작업에 매우 유리)     *   **무게:** 약 1.6kg ~ 1.9kg대 *   **장점:** 외장 그래픽 카드 탑재로 포토샵 및 롤 게임 성능 우수, OLED 디스플레이 품질 최상, 세련된 디자인. *   **단점:** 일부 모델의 경우 배터리 타임이 아주 길지는 않을 수 있음 (사용 환경에 따라 다름).  #### **2. HP Victus 15 또는 16** *   **특징:** 가성비 좋은 게이밍 노트북 라인이지만, 디자인이 비교적 깔끔하여 일반 노트북으로 사용하기에도 부담이 없습니다. 강력한 성능으로 포토샵과 롤을 매우 쾌적하게 즐길 수 있습니다. *   **추천 스펙:**     *   **CPU:** 인텔 Core i5-12세대 이상 또는 AMD Ryzen 5 6000 시리즈 이상     *   **RAM:** 16GB     *   **SSD:** 512GB NVMe M.2 SSD 이상     *   **GPU:** NVIDIA GeForce RTX 3050 / RTX 4050 / RTX 4060     *   **디스플레이:** 15.6인치 FHD IPS (주사율 144Hz 지원 모델이 많음)     *   **무게:** 약 2.2kg ~ 2.4kg대 *   **장점:** 강력한 성능 대비 합리적인 가격, 발열 관리 우수, 게임 및 작업 성능 탁월. *   **단점:** Vivobook Pro 시리즈보다는 다소 무겁고, 디자인이 게이밍스러운 면이 아주 조금 있음. 배터리 타임은 중간 정도.  #### **3. Lenovo Slim Pro 7 / 9 시리즈 (또는 Yoga Slim Pro 라인)** *   **특징:** 슬림하고 고급스러운 디자인에 고성능 외장 그래픽 카드를 탑재한 크리에이터용 노트북입니다. 휴대성과 성능을 모두 잡고 싶을 때 좋은 선택지가 될 수 있습니다. *   **추천 스펙:**     *   **CPU:** 인텔 Core i7-12세대 이상 또는 AMD Ryzen 7 6000 시리즈 이상     *   **RAM:** 16GB (혹은 32GB)     *   **SSD:** 512GB NVMe M.2 SSD 이상     *   **GPU:** NVIDIA GeForce RTX 3050 또는 RTX 4050     *   **디스플레이:** 14.5인치 또는 16인치 QHD/3K+ IPS/OLED (고해상도, 고주사율, 전문가급 색상 표현)     *   **무게:** 약 1.6kg ~ 2.2kg대 *   **장점:** 휴대성 좋고 세련된 디자인, 고해상도 디스플레이, 뛰어난 성능. *   **단점:** 가격대가 다소 높을 수 있음.  #### **4. 삼성 갤럭시 북 (Galaxy Book3 Ultra 등)** *   **특징:** 삼성의 플래그십 노트북으로, 최신 인텔 CPU와 고성능 외장 그래픽을 탑재하고 있습니다. 매우 얇고 가벼우면서도 강력한 성능을 자랑하며, 삼성 생태계와 연동이 잘 됩니다. *   **추천 스펙:**     *   **CPU:** 인텔 Core i7-13세대 이상     *   **RAM:** 16GB 이상 (32GB 권장)     *   **SSD:** 512GB NVMe M.2 SSD 이상     *   **GPU:** NVIDIA GeForce RTX 4050 이상     *   **디스플레이:** 15.6인치 또는 16인치 AMOLED (최고급 디스플레이)     *   **무게:** 약 1.7kg대 *   **장점:** 매우 얇고 가벼움, 최고급 디스플레이, 삼성 생태계 연동, 강력한 성능. *   **단점:** 가장 높은 가격대.  ---  ### **노트북 구매 시 추가 고려 사항**  1.  **RAM (메모리): 16GB는 필수!**     *   포토샵 작업을 하거나 여러 프로그램을 동시에 띄워놓는 멀티태스킹을 고려하면 8GB는 부족합니다. 16GB 이상으로 선택하세요. 추후 업그레이드가 가능하더라도 기본 16GB를 권장합니다. 2.  **SSD 용량: 512GB 이상 권장**     *   운영체제, 포토샵 같은 프로그램 설치와 자료 저장을 고려하면 256GB는 금방 부족해집니다. 최소 512GB, 여유가 된다면 1TB를 선택하는 것이 좋습니다. 3.  **CPU:**     *   인텔 Core i5 12세대 이상 또는 AMD Ryzen 5 5000/6000 시리즈 이상이면 충분합니다. 예산이 허락한다면 i7 / Ryzen 7이 더욱 좋습니다. 4.  **GPU (외장 그래픽 카드):**     *   **NVIDIA GeForce RTX 3050 또는 RTX 4050 이상**을 권장합니다. 이 사양이면 포토샵 작업(필터, 효과 등)과 롤(최상옵션 쾌적 구동) 모두 만족스럽게 가능합니다. 5.  **디스플레이:**     *   **IPS 패널**이 기본이며, **OLED 패널**은 색재현율과 명암비가 뛰어나 포토샵 작업에 매우 유리합니다. 해상도는 FHD(1920x1080) 이상이면 충분합니다. 6.  **배터리 수명:**     *   대학생활에서는 강의실 이동이 잦고 전원 콘센트가 없는 환경에 있을 수도 있으니, 실제 사용 후기를 통해 배터리 지속시간이 긴 모델을 선택하는 것이 좋습니다. 7.  **포트 구성:**     *   USB-A, USB-C, HDMI 등 필요한 포트가 충분히 있는지 확인하세요. 8.  **무게 및 휴대성:**     *   모든 추천 모델은 3kg 미만이며, 1.5kg ~ 2.5kg 사이에서 선택 가능합니다. 평소 가방에 넣고 다닐 빈도를 고려하여 적절한 무게를 선택하세요.  ---  ### **결론**  문서작업, 포토샵, 롤 게임을 모두 만족시키면서 휴대성도 고려한다면, **외장 그래픽 카드(RTX 3050 또는 4050 이상), 16GB RAM, 512GB SSD**를 갖춘 노트북을 최우선으로 고려해야 합니다.  *   **가성비와 게이밍 성능을 중시한다면:** **HP Victus 15/16** *   **디자인과 디스플레이 품질, 성능의 균형을 중시한다면:** **ASUS Vivobook Pro 15/16X OLED** *   **최고의 휴대성과 디자인, 고성능을 모두 원하지만 예산이 넉넉하다면:** **Lenovo Slim Pro 시리즈** 또는 **삼성 갤럭시 북 Ultra**  이 가이드를 참고하여 예산과 개인적인 선호도에 맞춰 가장 적합한 노트북을 선택하시길 바랍니다!","","2026. 5. 20. 오전 10:32:26"
"대학생이 사용할 노트북 추천해줘. 무게는 3kg를 넘지 않아야 하고 크기는 15인치 이내로 찾아줘. 문서작업부터 포토샵 작업, 롤 게임이 돌아가도 매끄럽게 구동될 사양으로 찾고 있어.","google_ai","53","positive","LG전자, LG전자, LG","","AI 개요 대학생이 사용하기 좋은, 무게 3kg 이하 및 15인치 이내의 조건과 문서 작업·포토샵·리그 오브 레전드(롤)를 매끄럽게 구동할 수 있는 최적의 노트북 사양과 추천 모델을 정리해 드립니다. 권장 사양 가이드 CPU: 인텔 코어 Ultra 5 (또는 13세대 i5 이상) / AMD 라이젠 5 (7000번대 이상) RAM: 16GB 이상 (포토샵과 다중 작업용) 그래픽: 내장 그래픽으로도 롤 구동이 가능하지만, 더 매끄러운 플레이를 원한다면 외장 그래픽(예: RTX 4050) 탑재 모델을 추천합니다. 무게: 1.5kg ~ 2kg 내외가 휴대하기 가장 적합합니다.  조건을 만족하는 추천 노트북 1. LG전자 2026 그램 15 (모델명: 15Z90S-GA56K 등) 화면 크기: 15.6인치 (베젤이 얇아 14인치대 크기에 가까움) 무게: 약 1.14kg ~ 1.3kg (휴대성 최강) 사양: 인텔 코어 Ultra 5, 16GB RAM, 내장 그래픽 특징: 가벼운 무게에 뛰어난 배터리 타임을 자랑하며, 문서 작업과 포토샵은 물론 롤 중하옵 플레이도 원활합니다. 확인하기: 상세 스펙과 가격은 LG전자 공식 홈페이지에서 확인하실 수 있습니다. 2. ASUS 젠북 14 OLED (ASUS Zenbook 14 OLED) 화면 크기: 14인치 무게: 약 1.2kg 사양: 인텔 코어 Ultra 또는 AMD 라이젠 7, 16GB RAM 특징: 색 재현율이 뛰어난 OLED 디스플레이를 탑재해 포토샵 등 디자인 작업에 매우 유리하며, 세련된 디자인과 휴대성을 모두 갖췄습니다. 확인하기: 제품 정보는 ASUS 공식 온라인 스토어를 참고하세요.  3. 레노버 LOQ 15 (Lenovo LOQ 15IRX9 등) 화면 크기: 15.6인치 무게: 약 2.3kg ~ 2.4kg (3kg 이하) 사양: 인텔 i7, 16GB RAM, NVIDIA RTX 4050 (외장 그래픽 탑재) 특징: 엄밀히는 게이밍 노트북 라인이지만, 외장 그래픽을 탑재해 롤 풀옵션 및 포토샵 고해상도 작업 시 가장 부드러운 성능을 보여줍니다. 확인하기: 자세한 가격과 구성은 레노버 공식 홈페이지에서 보실 수 있습니다. 요약 추천: 가장 가벼운 무게와 긴 배터리(이동성 위주): LG그램 15 화면 색감과 휴대성의 밸런스: ASUS 젠북 14 OLED 게임 프레임과 그래픽 작업 성능(성능 위주): 레노버 LOQ 15 캐드 포토샵 프리미어프로 작업용 노트북 사양 기준 정리 2026. 3. 13. — 편집디자인 실무 환경 기준 권장 사양은 CPU i7 / Ryzen 7 이상, RAM 16GB 이상(대형 PS... Naver Blog 노트북 첫 구매라면, 이것만 확인하세요. | 노트북 구매 가이드 새소식 업데이트 2026. 2. 12. — 이럴 땐 가벼운 노트북이 부담이 덜해요! - 1.5kg 이하: 가장 가벼운 무게로, 휴대성이 최우선인 분들에... 베이직스 에이수스 젠북 14 OLED ①구성편 ‘더 얇고 가볍게 프리미엄급 매력 높여’ [리뷰] 2024. 2. 8. — 디스플레이는 14인치 급의 '루미나 OLED'를 사용해 여타 경쟁 제품들과 차별화했다. IT조선 모두 표시 AI 답변에 오류가 있을 수 있습니다. 자세히 알아보기","https://blog.naver.com/sinsungcns/224215021337, https://m.basic-s.com/article/%EC%83%88%EC%86%8C%EC%8B%9D-%EC%97%85%EB%8D%B0%EC%9D%B4%ED%8A%B8/12/21481/?category_name=%EB%9D%BC%EC%9D%B4%EB%B8%8C%EB%9F%AC%EB%A6%AC, https://it.chosun.com/news/articleView.html?idxno=2023092109955, https://blog.naver.com/iffu/224213734222?fromRss=true&trackingCode=rss, https://support.google.com/websearch?p=ai_overviews&hl=ko, https://policies.google.com/privacy?hl=ko","2026. 5. 20. 오전 10:26:39"
"신혼집에서 쓸 가전제품 마련하는 중이야. 집에 오래 머물지 않다보니 굳이 큰 제품이 필요하지 않을 것 같은데 어떤 제품군으로 마련하면 좋을지 추천해줘.","google_ai","45","positive","LG전자","삼성전자","AI 개요 신혼집에 머무는 시간이 적다면 공간을 덜 차지하고 효율성을 극대화한 미니멀·슬림형 가전 위주로 구성하는 것이 좋습니다. 필수 대형 가전의 크기를 줄이고, 스마트 소형 가전을 적극 활용하는 것을 추천합니다. 1. 거실 및 주방 가전 냉장고: 대형 4도어 대신 2~3도어 슬림형 모델이나 비스포크 키친핏(또는 오브제컬렉션 빌트인)을 선택해 공간 낭비를 줄이세요. 식기세척기: 설치가 간편하고 공간을 덜 차지하는 3~6인용 무설치 또는 빌트인 소형 제품이 적합합니다. 전자레인지/오븐: 단독 기능보다는 에어프라이어, 전자레인지, 오븐 기능이 모두 합쳐진 올인원 복합형 광파오븐을 추천합니다. 2. 세탁 및 의류 관리 세탁기 및 건조기: 대용량 타워형 대신 용량을 한 단계 낮춘 모델이나, 좁은 공간에 직렬 설치가 가능한 콤팩트형 세탁건조기 세트를 추천합니다. 스타일러/의류관리기: 외출 시간이 짧다면 대형 옷장형보다는 부피가 작은 슬림형 미니 가전을 선택하거나, 다리미 기능이 포함된 스팀 다리미로 대체할 수 있습니다. 3. 생활 및 청소 가전 로봇청소기: 집에 머무는 시간이 적을수록 유용한 필수 아이템입니다. 물걸레 기능까지 포함된 올인원 로봇청소기를 두면 청소 시간을 획기적으로 아낄 수 있습니다. 공기청정기: 방마다 여러 대를 두기보다 거실 공간에 맞는 중형 1대만 두는 것이 효율적입니다.  💡 구매 팁 가전 구독 서비스: 사용 주기가 짧거나 이사 계획이 있다면 초기 비용이 부담 없는 LG전자 구독이나 삼성전자 갤럭시/가전 구독 등을 활용해 보세요. 에너지 효율: 전기 요금 절감과 혜택을 위해 구매 시 한국전력공사의 '에너지복지/할인' 제도나 '고효율 가전제품 구매비용 지원사업'을 미리 확인하시기 바랍니다. 2024 신혼 가전 추천템 리스트 확인하기 | Roborock South Korea Official Site 이른바 '이모님'이라고도 불리는 로봇청소기와 식기 세척기는 맞벌이로 집 청소 시간이 부족한 신혼부부들을 위한... 로보락 1인 가구 및 자취방 집들이 선물 소형가전 추천 사용자가 미리 청소 시간만 설정해 두면 외출 중에도 로봇청소기가 청소를 완벽하게 해줍니다. 올인원 로봇청소기... 로보락 AI 답변에 오류가 있을 수 있습니다. 자세히 알아보기","https://kr.roborock.com/blogs/roborock-kr/essential-appliances-for-newlyweds, https://kr.roborock.com/blogs/roborock-kr/1%EC%9D%B8-%EA%B0%80%EA%B5%AC-%EB%B0%8F-%EC%9E%90%EC%B7%A8%EB%B0%A9-%EC%A7%91%EB%93%A4%EC%9D%B4-%EC%84%A0%EB%AC%BC-%EC%86%8C%ED%98%95%EA%B0%80%EC%A0%84-%EC%B6%94%EC%B2%9C, https://support.google.com/websearch?p=ai_overviews&hl=ko, https://policies.google.com/privacy?hl=ko","2026. 5. 20. 오전 10:26:40"
"신혼집 백색가전 마련하려는데 제품군 별로 추천 모델 추려줘. 예산은 총 1천만원이야","google_ai","80","positive","LG, LG전자, LG전자, LG전자, LG전자, LG전자, LG전자, LG, LG, LG전자, LG전자","삼성, 삼성전자, 삼성전자, 삼성전자, 삼성전자, 삼성전자, 삼성전자, 삼성, 삼성, 삼성, 삼성","AI 개요 예산 1,000만 원은 대형 5대 가전(냉장고, 세탁기, 건조기, TV, 에어컨)을 최고급 라인업으로 채우거나, 생활 가전(식기세척기, 로봇청소기, 광파오븐 등)까지 포함해 삼성·LG의 인기 모델로 풀세트를 구성하기에 아주 충분하고 합리적인 예산입니다. 브랜드별(삼성전자 / LG전자) 최신 인기 모델과 대략적인 실구매가를 정리했습니다. 📺 1. 대형 필수 가전 (약 600~700만 원) 냉장고 (250~350만 원) 삼성전자: 비스포크 4도어 프리스탠딩 (800L대, 세련된 디자인과 메탈 쿨링 적용) LG전자: 오브제컬렉션 상냉장 냉장고 (870L대, 노크온 매직스페이스 기능으로 편의성 우수) 세탁기 & 건조기 세트 (250~300만 원) 삼성전자: 비스포크 AI 콤보 (세탁부터 건조까지 한 대로 해결하는 일체형) 또는 비스포크 그랑데 AI 원바디 Top-Fit (세탁/건조 직렬 설치) LG전자: 트롬 오브제컬렉션 워시타워 (일체형 디자인의 표준, 스팀 기능 특화) 에어컨 (150~200만 원) 삼성전자: 비스포크 무풍에어컨 갤러리 (2in1 모델, 직바람 없는 무풍 냉방) LG전자: 휘센 오브제컬렉션 타워 (2in1 모델, 자동 청정 관리 및 강력한 냉방)  🍳 2. 주방 및 생활 가전 (약 200~300만 원) TV (150~250만 원) - 거실 크기에 따라 선택 삼성전자: QLED 4K TV (65인치 또는 75인치) LG전자: 올레드(OLED) evo (65인치) 식기세척기 (100~150만 원) 삼성전자: 비스포크 식기세척기 14인용 (고온 살균 기능, 한국형 식기에 최적화) LG전자: 디오스 오브제컬렉션 12인용~14인용 (트루스팀 기능으로 물얼룩 최소화) 로봇청소기 (100~150만 원) & 무선청소기 (50~80만 원) 로봇청소기: 로보락 S8 시리즈 또는 에코백스 디봇 (물걸레 세척 및 건조 기능 포함 필수) 무선청소기: 삼성 비스포크 제트 AI 또는 LG 코드제로 오브제컬렉션 A9X  💡 신혼가전 구매 꿀팁 (1,000만 원 예산 세이브) 브랜드 통일하기: 삼성 또는 LG 중 한 브랜드를 선택하여 '패키지 할인(품목 수당 할인)'을 받는 것이 가장 저렴합니다. 웨딩 박람회 및 오픈점 활용: 삼성 디지털프라자나 LG전자 베스트샵의 신규 오픈/리뉴얼 매장, 또는 웨딩 박람회를 통해 구매하면 추가 사은품과 대량 구매 할인을 받을 수 있습니다. 에너지 효율 1등급 제품: 구매 시 한전의 한전 고효율 가전제품 구매비용 지원사업을 통해 일부 금액을 환급받을 수 있으니 꼭 1등급 위주로 알아보세요. 가까운 삼성 스토어나 LG전자 베스트샵에 방문하셔서 원하시는 품목 리스트를 보여주시면 정확한 ""다품목 견적""을 받아보실 수 있습니다. 필수 신혼가전 냉장고 잘 고르는 구매가이드, 오늘의집 고수들의 꿀팁 | 라이프스타일 슈퍼앱 2024. 10. 24. — 메탈쿨링 메탈쿨링은 메탈 소재를 벽면이나 선반, 도어, 서랍 바닥 등에 사용해 냉기 보존력을 높이는 기술로, ohou.se 신혼 가전 리스트 추천｜구매 순서·예산 현실 가이드 - 오늘의집 ▪️ 냉장고 150~200만 원▪️ 세탁·건조 150~200만 원▪️ 에어컨 100~150만 원▪️ TV·청... ohou.se AI 답변에 오류가 있을 수 있습니다. 자세히 알아보기","https://ohou.se/advices/3775, https://ohou.se/advices/12243, https://support.google.com/websearch?p=ai_overviews&hl=ko, https://policies.google.com/privacy?hl=ko","2026. 5. 20. 오전 10:26:41"
"신혼집 백색가전 마련하려는데 제품군 별로 추천 모델 추려줘. 예산은 총 1천만원이야","naver_ai","35","neutral","LG","","AI 브리핑 실험 단계로 정확하지 않을 수 있어요. 전자랜드 혼수가전 브랜드 별로 한번에 둘러봐요! 콩순이 네이버 블로그 전자랜드 혼수가전 브랜드 별로 한번에 둘러봐요! 콩순이 네이버 블로그 전자랜드 혼수가전 브랜드 별로 한번에 둘러봐요! 콩순이 네이버 블로그 전자랜드 혼수가전 브랜드 별로 한번에 둘러봐요! 콩순이 네이버 블로그 전자랜드 혼수가전 브랜드 별로 한번에 둘러봐요! 콩순이 네이버 블로그 전자랜드 혼수가전 브랜드 별로 한번에 둘러봐요! 콩순이 네이버 블로그 전자랜드 혼수가전 브랜드 별로 한번에 둘러봐요! 콩순이 네이버 블로그 전자랜드 혼수가전 브랜드 별로 한번에 둘러봐요! 콩순이 네이버 블로그 전자랜드 혼수가전 브랜드 별로 한번에 둘러봐요! 콩순이 네이버 블로그 신혼집 백색가전 예산 1천만원이면 필수 4대(냉장고·세탁기·TV·청소기)를 먼저 확보하고, 남는 예산으로 생활 가전(식기세척기·건조기·로봇청소기 등)을 단계적으로 추가하는 방식이 가장 무난합니다. divers707.blogspot.com +1  검색 결과 기준으로는 전년도 모델을 포함해 가격 대비 성능을 따져, 집 크기·라이프스타일에 맞는 용량과 기능을 우선 정리하시는 것이 핵심입니다. divers707.blogspot.com +1 신혼집 백색가전 추천 모델 divers707.blogspot.com +2 제품군	추천 모델(예시)	핵심 포인트 냉장고	LG 2도어 대용량(예: 300 ~ 400L)	2인 가구 기준, 용량과 냉장·냉동 구분 세탁기	드럼세탁기 16kg 이상(예: 17kg+)	이불 빨래 포함, 건조기와 조합 고려 TV	55 ~ 65인치 4K 스마트TV	거실 크기·시청거리 기준, OTT 기본 지원 청소기	무선청소기 + 로봇청소기	바쁜 생활에 시간 절약, 매핑·흡입력 확인 식기세척기	6 ~ 8인용(예: 14인용)	독립형/빌트인, 건조 방식 확인 건조기	10kg 이상(예: 20kg)	히트펌프/열풍건조 등, 에너지 효율 로봇청소기	물걸레+흡입형(예: 드리미 X40 Ultra)	매핑·자동세척·소음 수준 예산 분배 팁 필수 4대(냉장고·세탁기·TV·청소기)를 먼저 확보하고, 남는 예산으로 생활 가전을 단계적으로 추가하세요. divers707.blogspot.com +1 전년도 모델도 핵심 성능은 큰 차이가 없을 수 있어, 최신형과 전년도 모델을 가격 대비 성능으로 비교하시는 것이 좋습니다. divers707.blogspot.com +1 용량은 ‘큰 게 좋다’보다 집 크기·실제 사용 패턴에 맞춰(예: 냉장 300 ~ 400L, 세탁 16kg 이상) 정하시는 편이 낫습니다. divers707.blogspot.com +1 구매 시 체크리스트 설치 공간(엘리베이터/현관문 크기, 콘센트 위치, 전기 용량)와 배치 계획을 먼저 확인하세요. 알렉스 +1 에너지 효율(인버터, 히트펌프 등)과 A/S·보증 기간을 함께 비교하시면 장기 만족도가 높습니다. divers707.blogspot.com +1 구매 채널(온라인/매장)과 할인 시점(신제품 출시 직후, 성수기 후, 연말 프로모션)을 고려해 최종 가격을 맞추세요. 알렉스 +1 출처 4건 전체보기 divers707.blogspot.com divers 꾸프로 네이버 블로그 예산 500만 원 안에서 고른 3대 이모님 가전 모델명 총정리(+드리미) 알렉스 네이버 블로그 신혼가전 리스트 우선순위별 구매 가이드 sohoz.carinfos.kr 혼수 가전, 후회 없이 고르는 비법 대공개! ✨ 신혼집 완성을 위한 스마트 가이드 💍 - 역북동 하수구막힘 관련 질문 신혼집 백색가전 에너지 효율 등급별 전기요금 차이 알려주세요 신혼집 800리터 냉장고와 16kg 세탁기 추천 모델 알려주세요 신혼집 3대 이모님 가전 중 식기세척기 추천 모델 알려주세요","http://blog.naver.com/kkkyj0307/223823971929, https://divers707.blogspot.com/search/label/%EC%8B%A0%ED%98%BC%EC%A7%91%EC%A4%80%EB%B9%84, https://blog.naver.com/99_pro/223907808326, https://blog.naver.com/555rudals/223978138673, https://sohoz.carinfos.kr/marriage/%ED%98%BC%EC%88%98-%EA%B0%80%EC%A0%84-%ED%9B%84%ED%9A%8C-%EC%97%86%EC%9D%B4-%EA%B3%A0%EB%A5%B4%EB%8A%94-%EB%B9%84%EB%B2%95-%EB%8C%80%EA%B3%B5%EA%B0%9C/","2026. 5. 20. 오전 10:26:49"
"LG전자의 브랜드 인지도와 브랜드 이미지, 장단점 분석해줘.","google_ai","90","neutral","LG전자, lg, LG, lg, LG, lg, LG전자, LG전자, LG전자, LG전자, lg, LG전자, LG전자, LG전자, LG, lg","삼성","AI 개요 LG전자는 ‘혁신적인 생활가전의 명가’로 글로벌 인지도를 확고히 구축했습니다. 최근에는 '스마트 라이프 솔루션 기업'으로 도약하기 위해 대대적인 브랜드 리인벤트를 진행하며, 글로벌 브랜드 가치가 전년 대비 크게 상승하는 등 프리미엄 브랜드로서의 입지를 강화하고 있습니다.  live.lge.co.kr  +4 💡 브랜드 인지도 및 이미지 인지도: 국내 시장에서는 ""가전은 역시 LG""라는 인식이 압도적입니다. 글로벌 시장에서도 프리미엄 가전(올레드 TV, 오브제컬렉션 등)을 중심으로 브랜드 가치가 수조 원대로 평가받고 있으며, 글로벌 100대 브랜드에 진입하는 등 높은 인지도를 자랑합니다. 브랜드 이미지: 기존의 다소 보수적인 이미지를 탈피하고, 액티브 레드(Active Red) 컬러와 역동적인 비주얼을 도입해 젊고 혁신적인 이미지로 변신 중입니다. 핵심 슬로건인 '라이프스 굿(Life's Good)'을 바탕으로 고객 경험을 중시하는 따뜻하고 세련된 프리미엄 라이프스타일 브랜드로 자리 잡았습니다.  live.lge.co.kr  +4 ⚖️ 장단점 분석 강점 (Strengths) 압도적인 가전 경쟁력: 생활가전(세탁기, 냉장고 등)과 TV 부문에서 타의 추종을 불허하는 뛰어난 품질과 내구성을 자랑합니다. 고객 경험(CX) 혁신: 'UP가전'처럼 구매 후에도 소프트웨어 업데이트를 통해 제품 기능을 진화시키는 독보적인 서비스를 제공합니다. 공간 인테리어 가전의 선도: 'LG 오브제컬렉션'을 통해 가전제품을 가구처럼 인테리어와 조화시키는 트렌드를 주도하며 프리미엄 시장을 장악했습니다.  www.lge.co.kr  +1 단점 (Weaknesses) 스마트폰 사업 철수의 여파: 과거 모바일(MC) 사업부의 장기 적자 및 철수로 인해 종합 IT 및 테크 기업으로서의 전체적인 확장성과 소비자 소구력이 다소 제한되었습니다. 낮은 수익성 및 포트폴리오 쏠림: 전체 실적과 브랜드 가치가 가전 및 TV 부문에 지나치게 의존적이며, 전장(VS) 등 신사업의 성과에 비해 시장의 체감 가치가 저평가되는 경향이 있습니다. 글로벌 모바일 생태계의 한계: 모바일 부재로 인해 삼성, 애플 등이 장악하고 있는 글로벌 스마트 생태계(IoT, 스마트홈 등) 확장성 및 시너지 측면에서 불리한 위치에 있습니다.  view.asiae.co.kr  +1 🔗 관련 링크 자세한 브랜드 철학과 제품 라인업은 LG전자 브랜드 홈페이지 및 LG전자 브랜드 라인업 페이지에서 확인하실 수 있습니다. LG전자 브랜드 가치 성장률 1위,전년 대비 40% 이상 상승하며 ... 2025. 6. 24. — LG전자의 브랜드 가치는 7조 8,571억 원으로, 상위 10대 브랜드의 평균 상승률인 10.7%를 4배 가... live.lge.co.kr LG전자, 브랜드 가치 성장 1위…전년보다 40.9% 상승 2025. 6. 20. — LG전자의 브랜드 가치가 전년 대비 40.9% 상승했다. 베스트 코리아 브랜드 50개 기업 중 최대 상승으로... www.etnews.com 브랜드 | LG전자 믿고 쓰는 LG가전 브랜드 라인업 * SIGNATURE. * UP가전 * 디오스 * 스타일러 * 올레드TV. www.lge.co.kr 모두 표시 AI 답변에 오류가 있을 수 있습니다. 자세히 알아보기","https://live.lge.co.kr/2506-lg-brand-worth/, https://www.lge.co.kr/brandhome, https://view.asiae.co.kr/article/2023041217024419744, https://www.lge.co.kr/company/info/ci, https://www.etnews.com/20250620000036, https://careers.lg.com/story/life/detail?idx=993, https://www.youtube.com/watch?v=QCD0tC0vCO4&vl=ko&t=10, https://www.lge.co.kr/story/trend/new-lge-vi, https://www.thelec.kr/news/articleView.html?idxno=20619, https://www.catch.co.kr/Comp/AnalysisCompView?ID=3368, https://www.newstomato.com/ReadNews.aspx?no=1289792, https://www.kharn.kr/news/article.html?no=26041, https://theguru.co.kr/news/article.html?no=79585, https://support.google.com/websearch?p=ai_overviews&hl=ko, https://policies.google.com/privacy?hl=ko","2026. 5. 20. 오전 10:26:52"
"LG전자의 브랜드 인지도와 브랜드 이미지, 장단점 분석해줘.","naver_ai","70","neutral","LG전자, LG, LG전자, LG, LG전자, LG전자, LG, LG전자, LG전자, LG전자, LG전자, LG전자, LG전자, LG전자, LG전자, LG, LG전자, LG전자, LG전자, LG전자","","AI 브리핑 실험 단계로 정확하지 않을 수 있어요. LG전자 2022년 인기 상품 비교 장단점과 선택 가이드 예스인테리어필름 네이버 블로그 LG 정품 소형 전자제품 가치를 높이는 5가지 선택 비교 분석 장단점 uamnvmwwh356 네이버 블로그 LG전자 베스트 제품 품질과 성능으로 입증된 5가지 장단점 비교 분석 auyoenwrk898 네이버 블로그 LG 가전 구독 단점, 3가지 체크 필수! LG전자렌탈센터 네이버 블로그 LG전자, 미국 CES서 ‘씽큐’ 장점 알린다 네이버 뉴스 LG가전 구독 서비스 이득일까? 후기 장점 및 단점 노랗노랗 네이버 블로그 엘지 가전 구독 서비스 장단점 알아보기 라라 네이버 블로그 LG전자, 2분기 신가전 덕분에 ‘안도’…“3분기 녹록치 않아”(종합) newstomato.com LG전자, 美서 이색 콘텐츠 앞세워 올레드 팬덤 강화 asiatoday.co.kr LG전자, 글로벌 전시 연속 출격… ""B2B 비중 40% 확대 시동"" kdfnews.com LG전자는 2024년 인터브랜드 글로벌 100대 브랜드에 97위로 진입하며 브랜드 가치 약 65억 달러를 기록했고, 이를 ‘스마트 라이프 솔루션’ 비전과 브랜드 리인벤트(브랜드 재정립)로 설명합니다. 주식회사 원일공조 +1  인지도 측면에서는 글로벌 100대 진입과 함께 ‘아이코닉 브랜드’로의 포지셔닝이 언급되지만, 과거에는 이미지가 불명확해 100대 진입이 어려웠다는 분석도 있습니다. 주식회사 원일공조 +1 LG전자의 브랜드 인지도와 이미지 글로벌 100대 진입: 인터브랜드 기준 2024년 97위, 브랜드 가치 약 65억 달러로 제시됩니다. 주식회사 원일공조 이미지 변화: 기존 ‘강력한 기술력’ 이미지에 더해 ‘스마트 라이프 솔루션’으로의 전환과 젊고 역동적인 브랜드 리인벤트가 강조됩니다. 주식회사 원일공조 +1 커뮤니케이션 특징: 과시보다는 기능·성능 중심의 담백한 마케팅, 밈화로 언급량이 늘고 UGC가 확대된다는 관점이 소개됩니다. 전현덩인데용 장점 브랜드 가치 상승: 글로벌 100대 진입과 함께 브랜드 가치가 높아졌다는 점이 장점으로 제시됩니다. 주식회사 원일공조 비전·미션 정립: ‘스마트 라이프 솔루션’ 비전과 ‘Innovation for a better life’ 미션이 브랜드 정체성을 강화하는 요소로 언급됩니다. 주식회사 원일공조 +1 젊은 이미지: 젊고 역동적인 브랜드로의 변화(브랜드 리인벤트)를 통해 이미지 개선을 추진한 점이 장점으로 정리됩니다. 주식회사 원일공조 +1 단점 이미지 불명확: 100대 진입이 어려웠던 이유로 ‘명확한 이미지가 정립되지 않았다’는 평가가 제시됩니다. 동아비즈니스리뷰 과거 과시성 부족: ‘마케팅 못 한다’는 인식이 언급되며, 대형 캠페인 중심의 화려함보다 담백함에 치우친다는 비판이 있습니다. 전현덩인데용 세부 지표 한계: 세탁기 브랜드평판에서 LG전자는 참여·소통·커뮤니티 지수는 높지만, 브랜드소비는 하락한 것으로 제시됩니다. 노써치 출처 4건 전체보기 주식회사 원일공조 네이버 블로그 2024 글로벌 100대 브랜드에 진입한 LG전자, 비결은? 동아비즈니스리뷰 네이버 블로그 세계 100대 브랜드 재진입, LG전자의 '브랜드다움' 만드는 방법 전현덩인데용 네이버 블로그 “여러분, ‘LG는 마케팅을 못 한다’는 이야기를 한 번쯤 들어보셨나요?” 노써치 LG전자 올레드 TV OLED77A2MNA 리뷰&스펙분석 관련 질문 LG전자 브랜드 핵심 가치 세 가지 알려주세요 LG전자 글로벌 100대 브랜드 진입 핵심 전략 알려주세요 LG전자 브랜드 비주얼 개편으로 인한 효과 알려주세요","http://blog.naver.com/ho4s60gu/223610983007, http://blog.naver.com/uamnvmwwh356/223564158264, http://blog.naver.com/auyoenwrk898/223564587955, http://blog.naver.com/lgrental-114/223757205297, http://news.naver.com/main/read.naver?oid=005&aid=0001139961, http://blog.naver.com/designer_ew/223625185842, http://blog.naver.com/holylight10022/223460040892, http://www.newstomato.com/ReadNews.aspx?no=911059, https://www.asiatoday.co.kr/view.php?key=20210511010004955, http://www.kdfnews.com/news/articleView.html?idxno=177300, https://blog.naver.com/wonyl2017/223632461822, https://blog.naver.com/dbrmaster/223734738999, https://blog.naver.com/wjsgustjd22/223936073859, https://nosearch.com/product/living/tv/detail/OLED77A2MNA","2026. 5. 20. 오전 10:26:53"
"신뢰도 있는 소스에서만 추려서 LG전자를 선택할 주요한 3가지 근거 알려줘.","google_ai","80","positive","LG전자, LG전자, LG, LG전자, LG, LG전자, LG전자, LG전자, LG전자, LG전자, LG, LG전자, LG전자, LG전자, LG전자, LG전자, LG전자, LG전자, LG전자, LG전자, LG전자","","웹 검색결과 LG전자, '2025년 가장 신뢰받는 가전 브랜드' 선정  매일경제 https://www.mk.co.kr › news 2025. 5. 25. — LG전자는 “미국 시장에서 뛰어난 성능과 내구성을 바탕으로 오랜 시간 소비자 신뢰를 얻어 왔다”며 “미국 최대 비영리 소비자 매체인 컨슈머리포트 ... 누락된 검색어: 소스 ‎추려서 ‎선택할 ‎주요한 ‎근거 ‎알려줘. 관련 질문 LG의 핵심 역량은 무엇인가요? LG전자의 2026년 연봉은 얼마인가요? LG 뜻? LG전자의 전자 시장 점유율은 얼마나 되나요? 웹 검색결과 LG전자, 美 리뷰드닷컴 선정 '가장 신뢰받는 가전 브랜드'  연합뉴스 https://www.yna.co.kr › 최신뉴스 2025. 5. 25. — 25일 업계에 따르면 리뷰드닷컴은 최근 LG전자를 올해 가장 신뢰할 수 있는 브랜드로 꼽고 ""지난 수년간의 제품 리뷰, 독자 피드백, 사용자 리뷰, 가전 ... 누락된 검색어: 추려서 ‎선택할 ‎주요한 ‎근거 ‎알려줘. LG전자, 美 주방가전 신뢰도 입증…'가장 인상적인 브랜드' 평가  머니투데이 https://www.mt.co.kr › 산업 2026. 3. 15. — 주방가전 전반에서 LG전자의 신뢰도는 높게 평가되고 있다. 컨슈머리포트가 지난해 약 24만개 주방가전 제품을 분석해 발표한 브랜드 신뢰도 조사에서 LG ... 누락된 검색어: 소스 ‎추려서 ‎근거 ‎알려줘. LG전자, 美 가전 브랜드 신뢰도 종합가전 '최고점'  중소기업신문 https://www.smedaily.co.kr › 산업 › 전기전자 2025. 3. 5. — LG전자가 미국 소비자들이 신뢰하는 가전 브랜드 조사에서 종합 가전 브랜드 중 최고점을 받았다.5일 컨슈머 리포트(CR)에 따르면 LG전자는 연례 가전 ... 누락된 검색어: 소스 ‎추려서 ‎선택할 ‎근거 ‎알려줘. LG전자, 미국 컨슈머리포트 '2025 가전 브랜드 신뢰도 ...  비즈니스포스트 https://www.businesspost.co.kr › ... 2025. 3. 5. — [비즈니스포스트] LG전자가 미국 소비자들이 가장 신뢰하는 가전브랜드로 인정받고 있다. LG전자가 미국 소비자연맹이 올해 1월 말 발간한 컨슈머 ... 누락된 검색어: 소스 ‎추려서 ‎선택할 ‎근거 ‎알려줘. LG전자, 美소비자가 뽑은 '브랜드 신뢰도' 종합가전 1위  Naver Blog https://blog.naver.com › PostView 2021. 7. 2. — LG전자가 미국 소비자들이 직접 사용해보고 평가한 생활가전 브랜드별 '신뢰성' 평가에서 전체 28개 기업 중 2위를 차지했다. 누락된 검색어: 소스 ‎추려서 ‎선택할 ‎근거 ‎알려줘. 자소서분석 #LG전자 자소서 항목별 작성법 / 엘지 ...  Naver Blog https://blog.naver.com › thejasoseo 2020. 12. 27. — LG전자의 다양한 제품이 고객에게 일관된 메시지를 전달할 수 있는 전사 판촉을 진행하는 것이 주요 과제예요. 개별 제품의 판촉을 기획, 실행하는 ... 누락된 검색어: 신뢰도 ‎소스 ‎추려서 ‎선택할 ‎근거 ‎알려줘. 마이토리북스 (@mytory.books)  Instagram · mytory.books 팔로어 450명 이상 ​이 책은 링크드인 창립자인 리드 호프먼이 쓴 책으로, AI를 단순한 도구가 아니라 우리의 능력을 키워주는 **'최고의 파트너'**로 바라보는 관점을 담고 있어요. ​[도서 ... 뉴스&뷰 1페이지 | AI  중앙일보 https://www.joongang.co.kr › AI 과기정통부가 지난달 공개한 중간 평가에 따르면 루닛이 개발 중인 의료 특파모는 5개 의료 벤치마크에서 클로드·GPT·제미나이 등 주요 범용AI를 모두 앞질렀다. 루닛의 ... https://huggingface.co/MRAIRR/kakao_deberta_intent...  Hugging Face https://huggingface.co › MRAIRR › commit ... 를 +기 +으 +1 +있 +대 +도 +으로 +인 +일 +2 +들 +사 +수 +시 +( +) +로 +했 +아 ... 3 +개 +위 +공 +되 +할 +원 +"" +조 +와 +국 +성 +년 +여 +된 +거 +유 +% + ... 필터링된 결과 알림  관련성이 가장 높은 결과를 표시하기 위해 이미 표시된 10개와 매우 유사한 일부 항목을 생략했습니다. 원하시면 생략된 결과를 포함하여 다시 검색하실 수 있습니다.","https://www.mk.co.kr/news/it/11325766, https://lgmagna.com/kr/careers/about-us/, https://www.jobplanet.co.kr/companies/19514/salaries/lg%EC%A0%84%EC%9E%90, https://www.yna.co.kr/view/AKR20260304081400003, https://www.yna.co.kr/view/AKR20250523122700003, https://www.mt.co.kr/industry/2026/03/15/2026031508415928911, https://www.smedaily.co.kr/news/articleView.html?idxno=319037, https://www.businesspost.co.kr/BP?command=article_view&num=385751, https://blog.naver.com/PostView.naver?blogId=yjjone21&logNo=222418139536&parentCategoryNo=&categoryNo=12&viewDate=&isShowPopularPosts=true&from=search, https://blog.naver.com/thejasoseo/222185308963?viewType=pc, https://www.instagram.com/mytory.books/, https://www.joongang.co.kr/ailearning/news, https://huggingface.co/MRAIRR/kakao_deberta_intent_cls/commit/1640d053905122132e8e722da244c3aaf4e543ea.diff?file=vocab.txt","2026. 5. 20. 오전 10:27:25"
"신뢰도 있는 소스에서만 추려서 LG전자를 선택할 주요한 3가지 근거 알려줘.","naver_ai","80","positive","LG, LG, LG, LG, LG, LG, LG전자, LG전자, LG전자, LG전자, LG전자, LG전자, LG전자","삼성","AI 브리핑 실험 단계로 정확하지 않을 수 있어요. [르포]“LG 올레드 리얼 8K로 신뢰도 높였다” 네이버 뉴스 무기체계 신뢰성시험 개정에 따른 소스코드 메트릭 점검 가이드(2) – STCYC, STMIF 한컴MDS 네이버 블로그 LG 디스플레이를 더욱 '신뢰할 수 있는' 이유! 은희 네이버 블로그 [Tech&]“2018 가장 신뢰받는 TV, LG 올레드TV” 네이버 뉴스 소스개발업체 국민소스의 신뢰성, 무엇이 특별한가? 국민소스 네이버 블로그 소스개발업체 국민소스의 신뢰성, 무엇이 특별한가? 국민소스 네이버 블로그 삼성, 인도서 점유율 높이고… LG, 고객 신뢰회복 ‘초점’ 네이버 뉴스 '창원 LG 웨딩박람회'에서 스드메부터 프리미엄 가전까지, 당신만의... 완벽한 결혼식을 디자인하세요! (LG의 신뢰와 역대급 혜택의 만남!)"" 이쁨지기 네이버 블로그 소스oem, 신뢰할 수 없는 업체&공장을 구별하는법 하남소스제조 네이버 블로그 제공된 검색 결과만으로는 LG전자를 선택할 주요 근거를 신뢰도 있는 소스 기준으로 정리하기 어렵습니다. 사이언스온 +1  검색 결과는 LG전자의 특허 목록과 외부 입력 소스 처리 장치에 관한 기술 문서로, 제품 성능·가격·서비스 등 소비자 선택에 직접적으로 연결되는 근거를 제시하지 않습니다. 사이언스온 +1 검색 결과로 확인되는 LG전자 관련 내용 검색 결과 1은 전자소스(이미터) 관련 특허 문서로, LG전자의 제품 성능·품질·가격과는 거리가 있습니다. 사이언스온 검색 결과 2는 EPG 데이터베이스 생성, 자막 탐색, 외부 입력 소스 저장/처리, 터치 제어 등 기술적 특허 초록을 나열한 형태입니다. 사이언스온 왜 선택 근거로 부족한가 특허 초록은 발명 개념과 기술적 해결책을 설명하는 문서로, 실제 제품의 품질, 내구성, 고객 만족도, 가격 대비 가치, 서비스 품질 등 구매 결정에 필요한 객관적 근거(리뷰·평가·비교·수상·시장 점유율 등)로 바로 전환되기 어렵습니다. 사이언스온 추가로 확인하면 좋은 정보 제품별 독립 평가(전자소비자원, GS리서치 등)에서의 성능·내구성 점수와 결함률 비교. 사이언스온 가격 대비 성능(가격/평점, 가격/기능)과 판매 채널별 가격·프로모션 정보. 사이언스온 애프터서비스(수리·부품·보증·고객센터 접근성)와 브랜드 신뢰도(수상·평판) 비교. 사이언스온 출처 2건 전체보기 사이언스온 [특허]전자소스 - 사이언스온 사이언스온 [특허]외부 입력 소스를 저장/처리하는 장치 및 방법 관련 질문 LG전자 ThinQ 앱 주요 기능 알려주세요 LG전자 에너지 효율 1등급 가전제품의 장기적 경제성 알려주세요 LG전자 AI 청소 기능 탑재 제품의 실내 공기 질 개선 효과 알려주세요","http://news.naver.com/main/read.naver?oid=016&aid=0001623481, http://blog.naver.com/neos_rtos/221309255578, http://blog.naver.com/wlsrn4550/223311072055, http://news.naver.com/main/read.naver?oid=020&aid=0003182505, http://blog.naver.com/husunghakhsh/223773295548, http://news.naver.com/main/read.naver?oid=005&aid=0001112713, http://blog.naver.com/siege702/224044501964, http://blog.naver.com/ajtwoddlrj/223982106129, https://scienceon.kisti.re.kr/srch/selectPORSrchPatent.do?cn=KOR1019950034028, https://scienceon.kisti.re.kr/srch/selectPORSrchPatent.do?cn=KOR1020070012339","2026. 5. 20. 오전 10:26:56"
"LG전자의 시장상황을 최신 기준으로 분석하고 주요경쟁사 상황도 함께 조사해줘.","google_ai","80","positive","LG전자, LG전자, LG전자, LG전자, LG전자, LG전자, LG전자, LG전자, LG전자, LG전자, LG전자","삼성전자","AI 개요 LG전자는 2026년 1분기 역대 최대 매출을 기록하며 순항 중이나, 가전 구독·웹OS 플랫폼 등 고수익 B2B 및 서비스 사업으로 체질 개선을 가속화하고 있습니다. 글로벌 시장에서는 가전 부문 1위를 수성하는 가운데 중국 및 전통 강자들과 치열한 경쟁을 펼치고 있습니다.  ebiznews  +1 1. 사업 부문별 시장 상황 생활가전 (H&A): 북미 시장에서 매출 기준 22%의 점유율로 2년 연속 1위를 차지하는 등 B2C 시장은 굳건합니다. 최근에는 성장성이 높은 미국 B2B 빌트인 시장에서 매년 두 자릿수 성장을 기록하며 '톱3' 진입을 목전에 두고 있습니다. 또한 국내에서는 ‘가전 구독’ 모델이 성공적으로 자리 잡았습니다. TV (HE): 세계 올레드(OLED) TV 시장에서 11년 연속 1위를 기록 중이나, 출하량 기준으로는 저가를 앞세운 중국 업체들의 추격이 거셉니다. 전장 (VS): 10여 년의 적자를 극복하고 핵심 '캐시카우'로 자리 잡았습니다. 수주잔고 100조 원을 돌파했으며, 전기차 파워트레인 및 인포테인먼트 중심의 안정적인 흑자 기조를 이어가고 있습니다.  매일경제  +5 2. 주요 경쟁사 상황 삼성전자: 글로벌 TV 및 가전 시장에서 LG전자의 가장 강력한 라이벌입니다. 특히 글로벌 TV 시장에서는 20년 연속 1위 수성을 목표로 하고 있으며, 북미를 포함한 글로벌 가전 시장 전체에서도 수량 기준 1위를 차지하고 있습니다. 중국 기업 (TCL, 하이센스): 가격 경쟁력을 무기로 글로벌 TV 시장 점유율을 10%대 중반까지 끌어올리며 한국 기업을 빠르게 위협하고 있습니다. 또한 점차 프리미엄 라인업까지 영역을 확장하고 있습니다. 미국 전통 가전사 (월풀, GE): 미국 생활가전 시장에서 각각 15%, 30% 안팎의 점유율을 차지하며 시장을 주도하고 있습니다. 특히 B2B 건축/빌트인 시장의 기존 강자들이며 LG전자의 주요 견제 대상입니다.  Daum  +5 3. 시장 분석 및 전망 LG전자는 원자재 가격 상승 및 지정학적 리스크로 인한 물류비 증가 등의 대외 변수에 대응하기 위해 생산지 최적화와 원가 구조 개선을 추진하고 있습니다. 하드웨어 중심에서 벗어나 서비스/플랫폼 중심 기업으로 성공적으로 전환하는지가 향후 시장 지배력의 핵심 과제가 될 것입니다.  ebiznews  +3 관련 세부 실적 자료 및 기업 정보는 LG전자 공식 블로그에서 확인하실 수 있습니다.  LG전자 뉴스룸 LG전자 “미 B2B 가전 시장, 올해 '톱3' 진입할 것” - 뉴스토마토 2026. 2. 19. — ... 플로리다주 올랜도에서 열린 북미 최대 주방·욕실 전시회 'KBIS 2026' 간담회에서 “관세 이슈 ... 뉴스토마토 기업심층분석 4. LG전자, 고객/자사/경쟁사 분석 - 잡코리아 2024. 3. 7. — LG전자는 글로벌 올레드(OLED) TV 시장에서 11년 연속 1위를 이어가고 있다. 시장조사업체 옴디아에 ... 잡코리아 매년 50%씩 성장…LG전자 ""올해 미국 B2B 가전 탑3""[KBIS 2026] 2026. 2. 19. — LG전자 ""올해 미국 B2B 가전 탑3""[KBIS 2026]. 염현석 기자 2026. 2. 19. 10:02... Daum 모두 표시 AI 답변에 오류가 있을 수 있습니다. 자세히 알아보기","https://www.ebiznews.co.kr/news/articleView.html?idxno=5462, https://www.mk.co.kr/news/business/11953064, https://v.daum.net/v/YfQ5sCNdvZ?f=p, https://live.lge.co.kr/2604-lg-sales2026/, https://www.newstomato.com/ReadNews.aspx?no=1291789, https://www.jobkorea.co.kr/company/1385349/AnalysisView?Inside_No=11349, https://www.mt.co.kr/industry/2026/02/20/2026021920051151921, https://www.chosun.com/economy/tech_it/2026/02/04/SKFS74I2CNE3JME35AE5KHWFUQ/, https://www.thelec.kr/news/articleView.html?idxno=55846, https://news.nate.com/view/20260106n03092, https://news.samsung.com/kr/%EC%82%BC%EC%84%B1%EC%A0%84%EC%9E%90-%EA%B8%80%EB%A1%9C%EB%B2%8C-tv-%EC%8B%9C%EC%9E%A5-20%EB%85%84-%EC%97%B0%EC%86%8D-1%EC%9C%84-%EB%8B%AC%EC%84%B1, https://www.kita.net/board/totalTradeNews/totalTradeNewsDetail.do?no=82988&siteId=2, https://blog.naver.com/5004yurim/224166493287?viewType=pc, https://www.chosun.com/economy/tech_it/2025/11/30/VFWYYOVWJZEKZAJ6K2SBF4JOCY/, http://www.newsian.co.kr/news/articleView.html?idxno=88174, https://support.google.com/websearch?p=ai_overviews&hl=ko, https://policies.google.com/privacy?hl=ko","2026. 5. 20. 오전 10:27:04"
"LG전자의 시장상황을 최신 기준으로 분석하고 주요경쟁사 상황도 함께 조사해줘.","naver_ai","65","negative","LG전자, LG전자, LG, LG, LG, LG전자, LG전자, LG전자, LG, LG, LG전자, LG전자, LG전자, LG전자, LG전자, LG전자, LG전자, LG전자, LG전자, LG전자, LG전자","삼성전자, 삼성, 삼성, 삼성, 삼성전자, 삼성전자","AI 브리핑 실험 단계로 정확하지 않을 수 있어요. LG전자, 3분기 비수기 진입…경기부진·경쟁심화 etoday.co.kr LG전자 ""담합 안돼…경쟁사와 만나지도 마라"" 네이버 뉴스 LG ""경쟁사 아예 만나지마라, 담합 걸리면 사장도 문책"" 네이버 뉴스 [종합]LG디스플레이, 업계 경쟁심화 불구 18분기 영업익 흑자달성 네이버 뉴스 LG CNS, 1분기 호실적 반등...경쟁사들과 '엇갈린 성적표' popcornnews.net 경쟁이 치열한 곳엔 반드시 1등만 투자한다 (삼성전자 VS LG전자) 돈학과 대장 이동규 네이버 카페 LG전자 ""2010년 전망 좋지만 경쟁 심화"" 네이버 뉴스 [기업분석] LG전자, 스마트폰의 수요부족, TV부문의 경쟁심화 ekn.kr [맞수 기술 경쟁]① 데이터 굴리는 삼성 vs 열 식히는 LG dnews.co.kr 블록체인, 삼성이랑 LG 경쟁이 좀 기대되기는 하는데.... 로버트할리 네이버 카페 LG전자는 가전·TV·공조 등 핵심 카테고리에서 기술·디자인 차별화와 함께 구독·맞춤 렌탈 등 서비스형 비즈니스로 전환을 추진하며 시장 경쟁력을 다지고 있습니다. TREND.M +1  다만 제공된 자료는 2023 ~ 2025년 정보가 중심이라, 2026년 5월 20일 기준의 실적·점유율 수치는 최신 공시/시장보고서로 보완하시는 것이 안전합니다. TREND.M +1 LG전자 시장상황 요약 TREND.M +2 서비스 전환: 업가전 2.0을 확장하며 구독·맞춤 렌탈로 비즈니스 모델을 전환하고, 교체 주기 단축과 매출 확대를 목표로 하고 있습니다. TREND.M 핵심 카테고리: TV(프리미엄 OLED 등), 공조(에어컨·칸막이 등), 공조 솔루션(칠러·ESCO 등)에서 기술·디자인 차별화와 생산/에너지 효율을 경쟁 우위로 강조합니다. Economic Freedom 2026년 1분기 실적: 공급망 대응 등으로 매출이 최대치로 평가되며, B2B·플랫폼·D2X 등 비핵심 사업의 성장도 언급됩니다. Daum 주요 경쟁사 상황 가전·TV: 삼성그룹, LG전자, 소니, 파나소닉, Philips, Whirlpool, Electrolux, Apple, HP, Huawei 등 글로벌 가전 기업들이 시장을 공유하는 것으로 정리됩니다. consumergoods21 공조·에너지 솔루션: 에어컨·칸막이 등에서 차별화된 기술과 디자인, 글로벌 생산 네트워크를 바탕으로 경쟁 우위를 확보하고 있다고 설명됩니다. Economic Freedom 정책·규제 관점: 공정거래 관련 공지·사례는 제공되지만, LG전자와 직접 연결된 최신 규제 이슈는 검색 결과에서 확인되지 않습니다. 공정거래위원회 분석 시 체크포인트 2026년 5월 기준 실적·점유율은 공시자료(사업보고서/분기보고서)로 최신 수치 확인이 필요합니다. Daum 서비스형 비즈니스(구독·렌탈) 확대가 매출 구조에 미치는 영향(고정비·고객유치 비용 포함)을 함께 검토하시는 것이 좋습니다. TREND.M 경쟁사 비교는 카테고리별(가전, TV, 공조)로 나누어, 기술·가격·채널·서비스(플랫폼) 축에서 LG전자의 포지션을 정리하시면 비교가 수월합니다. Economic Freedom +1 출처 5건 전체보기 공정거래위원회 경쟁정책 - 공정거래위원회 TREND.M '초개인화' 서비스, LG전자의 경쟁력 : TREND.M | 아이디어 | 비즈니스 Economic Freedom 네이버 블로그 Life's Good LG전자... ③ 국내외 시장 여건, 회사의 경쟁 우위 요소 등 consumergoods21 네이버 블로그 가전 제품 시장 규모, 추세, 연구 보고서, 규모, 개요, 분석 및 2032년까지의 예측 Daum [종합] 공급망 대응으로 리스크 최소화…LG전자 1분기 매출 최대치 관련 질문 LG전자와 삼성전자의 최신 가전 시장 점유율 비교 알려주세요 LG전자 업가전 2.0 구독 서비스 확대 전략 알려주세요 LG전자와 삼성전자의 스마트폰 시장 점유율 비교 알려주세요","https://www.etoday.co.kr/news/view/2273093, http://news.naver.com/main/read.naver?oid=031&aid=0000249657, http://news.naver.com/main/read.naver?oid=009&aid=0002635323, http://news.naver.com/main/read.naver?oid=003&aid=0007548784, http://www.popcornnews.net/news/articleView.html?idxno=120026, http://cafe.naver.com/moneyeducation/2229?art=ZXh0ZXJuYWwtc2VydmljZS1uYXZlci1haS1icmllZmluZw.eyJ0eXAiOiJKV1QiLCJhbGciOiJIUzI1NiJ9.eyJjYWZlVHlwZSI6IkNBRkVfVVJMIiwiYXJ0aWNsZUlkIjoyMjI5LCJjYWZlVXJsIjoibW9uZXllZHVjYXRpb24iLCJpc3N1ZWRBdCI6MTc3OTI0MDQxNjUwM30.xj9lNcXRFtx5slhYM3xMx-77WzuYK-HLfON9dqcj7_g, http://news.naver.com/main/read.naver?oid=079&aid=0002126189, http://www.ekn.kr/news/article.html?no=408177, https://www.dnews.co.kr/uhtml/view.jsp?idxno=202505242236349850447, http://cafe.naver.com/nexontv/1955519?art=ZXh0ZXJuYWwtc2VydmljZS1uYXZlci1haS1icmllZmluZw.eyJ0eXAiOiJKV1QiLCJhbGciOiJIUzI1NiJ9.eyJjYWZlVHlwZSI6IkNBRkVfVVJMIiwiYXJ0aWNsZUlkIjoxOTU1NTE5LCJjYWZlVXJsIjoibmV4b250diIsImlzc3VlZEF0IjoxNzc5MjQwNDE2NTAzfQ.lJeIlycnFgh2aJRVpovB4bQKrOtH1Y00C-SiLBvcdNU, https://www.ftc.go.kr/www/selectBbsNttList.do?key=4&bordCd=1&searchCtgry=1&pageIndex=144, https://trend-m.com/idea_business/?idx=15876760&bmode=view, https://blog.naver.com/mykeum78/223892750449, https://blog.naver.com/consumergoods21/223741011062, https://v.daum.net/v/20260429171104059","2026. 5. 20. 오전 10:27:04"
"대학생이 사용할 노트북 추천해줘. 무게는 3kg를 넘지 않아야 하고 크기는 15인치 이내로 찾아줘. 문서작업부터 포토샵 작업, 롤 게임이 돌아가도 매끄럽게 구동될 사양으로 찾고 있어.","google_ai","","not-mentioned","","삼성, 삼성전자","AI 개요 대학생이 사용하기 좋은, 문서 작성부터 포토샵, 롤(리그 오브 레전드)까지 매끄럽게 구동되는 15인치 이하, 3kg 미만의 노트북을 추천해 드립니다.  원하시는 용도를 모두 소화하려면 AMD 라이젠 7 또는 인텔 코어 울트라 7 프로세서에 외장 그래픽(RTX 4050 또는 4060 탑재 모델)을 갖추거나, 강력한 내장 그래픽을 탑재한 모델을 선택하는 것이 좋습니다. 고객님의 요구사항에 완벽하게 부합하는 대표적인 추천 모델 3가지는 다음과 같습니다. 1. ASUS 젠북 14 OLED (ASUS Zenbook 14 OLED) 가장 추천하는 초경량·고성능 노트북입니다. 포토샵은 물론 롤 정도는 가볍게 구동되며, 압도적인 휴대성을 자랑합니다.  무게: 약 1.2kg ~ 1.3kg 디스플레이: 14인치 OLED 주요 사양: 인텔 코어 울트라 7 또는 AMD 라이젠 7, 16GB RAM, 내장 그래픽 특징: OLED 특유의 정확한 색감으로 포토샵 작업에 매우 유리하며, 얇고 가벼워 매일 들고 다니는 대학생에게 최적화되어 있습니다. 확인: 자세한 스펙과 가격은 ASUS 공식 홈페이지에서 확인하실 수 있습니다. 2. 레노버 리전 슬림 5 / LOQ 15 (Lenovo Legion Slim 5 / LOQ 15) 게이밍 성능에 조금 더 비중을 두고 싶다면 레노버의 슬림 게이밍 라인이 좋은 선택입니다. 3kg 이하를 만족하면서도 외장 그래픽이 탑재되어 있습니다. 무게: 약 2.3kg ~ 2.4kg (3kg 미만 충족) 디스플레이: 15.6인치 주요 사양: AMD 라이젠 7 / 인텔 코어 i7, 16GB RAM, NVIDIA RTX 4060 특징: RTX 급 외장 그래픽이 탑재되어 있어 롤뿐만 아니라 비교적 고사양의 게임이나 영상 편집까지도 원활하게 돌아갑니다. 확인: 모델별 상세 정보 및 견적은 레노버 코리아에서 조회 가능합니다.  3. 삼성 갤럭시 북4 프로 14인치 또는 16인치 (Samsung Galaxy Book4 Pro) 가벼운 무게와 국내 최고의 A/S 인프라를 원하신다면 갤럭시 북4 프로 시리즈가 정답입니다. 무게: 14인치 약 1.23kg / 16인치 약 1.56kg 디스플레이: 14인치 또는 16인치 Dynamic AMOLED 2X 주요 사양: 인텔 코어 울트라 5 또는 7, 16GB RAM 특징: 인텔 Arc 내장 그래픽 성능이 전작 대비 크게 향상되어 롤 구동이 가능하며, 터치스크린 지원 및 갤럭시 기기와의 연동성이 뛰어납니다. 확인: 제품 라인업과 가격 비교는 삼성전자 공식 홈페이지를 참고하세요. 💡 구매 전 꿀팁: 포토샵과 게임을 원활하게 즐기시려면 RAM(메모리)은 반드시 16GB 이상으로 선택하시는 것을 권장합니다. 대학생 노트북 추천 서피스 프로 11 Copilot + PC ZIA-00032 2025. 6. 20. — 휴대성이 좋은 만큼 이동하면서 수업을 듣는 대학생 노트북 추천 모델로도 적합합니다. 블로그 가볍고 슬림한데 강력한 성능까지? 포항에서 매입한 레노버 14인치 중고 노트북을 살펴볼께요. 2024. 6. 19. — 롤을 포함한 캐주얼 아케이드 게임은 무난하게 구동이 가능합니다. Naver Blog 사무용 노트북 추천 : 업무용으로 유용한 MSI 모던 14 2024. 1. 17. — 그리고 단순 문서작업이나 포토샵 정도는 가볍게 돌리는 성능에 준수한 휴대성을 갖춘 제품을 찾는 분들이라면 ' Naver Blog 모두 표시 AI 답변에 오류가 있을 수 있습니다. 자세히 알아보기","https://m.blog.naver.com/ishine75/223906084825, https://blog.naver.com/jady06/223484131206?viewType=pc, https://blog.naver.com/yjg01212/223325172602, https://blog.naver.com/dogslife78/223393726120, https://support.google.com/websearch?p=ai_overviews&hl=ko, https://policies.google.com/privacy?hl=ko","2026. 5. 19. 오후 6:46:34"
"LG전자의 브랜드 인지도와 브랜드 이미지, 장단점 분석해줘.","google_ai","100","positive","LG전자, LG, LG전자, LG, LG, LG전자, LG, LG전자, LG전자, LG전자, LG전자, LG전자, LG전자, LG전자, LG전자, LG전자, LG전자, LG전자, LG전자","삼성","AI 개요 LG전자는 지속적인 브랜드 리인벤트를 통해 프리미엄 스마트 라이프 솔루션 기업으로 진화하고 있습니다. 핵심 브랜드 가치는 'Life's Good'으로, 국내외 시장에서 강력한 프리미엄 입지를 구축했으나 과거의 수동적인 이미지를 탈피해야 하는 과제도 안고 있습니다.  www.etnews.com  +5 1. 브랜드 인지도 가전 명가로서의 확고한 글로벌 위상: 프리미엄 가전 분야(LG 시그니처, 오브제컬렉션 등)에서 강력한 브랜드 파워를 자랑합니다. 상승하는 브랜드 가치: '인터브랜드' 선정 '베스트 코리아 브랜드 2025'에서 브랜드 가치(약 7조 8571억 원)가 전년 대비 40% 이상 급상승하며 1위에 올랐습니다. 스마트 라이프 솔루션 브랜드로의 확장: 전통적인 가전 제조업체에서 벗어나 서비스, 전장, 인공지능을 아우르는 글로벌 아이콘 브랜드로 인지도를 확장 중입니다.  LG전자 뉴스룸  +4 2. 브랜드 이미지 '혁신'과 '프리미엄': 'OLED TV'와 'LG 스타일러' 등 세상에 없던 혁신적인 카테고리를 창출하며 프리미엄 트렌드를 선도하고 있습니다. '고객 경험(CX)'과 '감성': 브랜드 슬로건인 'Life's Good'처럼 고객의 소중한 일상에 영감을 주고, 더 나은 삶을 만든다는 따뜻하고 긍정적인 이미지를 전달합니다. 젊고 역동적인 변화: 과거의 다소 보수적인 이미지를 벗기 위해 'LG 액티브 레드' 컬러를 도입하는 등 시각적 아이덴티티를 개편하여 고객과의 활발한 소통을 시도하고 있습니다.  LG전자  +2 3. 장점 (Strengths) 압도적인 제품 완성도와 기술력: 가전 부문에서 높은 신뢰도를 보이며, 미국 등 주요 글로벌 소비자 만족도 조사에서 최상위권을 석권하고 있습니다. 탁월한 공간 인테리어 조화: 'LG 오브제컬렉션'으로 가전을 가구화하는 데 성공하여 고객 충성도를 높였습니다. 사업 포트폴리오 다변화: 전통 가전을 넘어 자동차 전장(VS), AI, B2B 솔루션 등 미래 성장 동력을 확보했습니다.  YouTube  +4 4. 단점 및 과제 (Weaknesses & Threats) 스마트폰 사업 철수의 잔재: 과거 모바일(MC) 사업부 철수로 인해 젊은 세대 중심의 모바일 생태계 및 IT 연결성 측면에서 경쟁사(삼성, 애플) 대비 브랜드 선호도가 낮게 평가되기도 합니다. 제조업 중심의 이미지 한계: '스마트 라이프 솔루션 기업'으로 비전을 선포했으나, 대중에게는 여전히 '우수한 가전제품을 만드는 기업'으로 인식되는 비중이 커 소프트웨어 및 플랫폼 기업으로의 완벽한 체질 개선이 필요합니다. 치열한 글로벌 경쟁: 가전 시장에서는 중국의 저가 공세, 스마트홈 시장에서는 빅테크 기업들과의 치열한 경쟁에 직면해 있습니다.  YouTube [관련 링크] LG전자 공식 브랜드 소개: LG전자 브랜드 아이덴티티 LG전자 보유 브랜드 확인: LG전자 브랜드관 LG전자 브랜드 가치 성장률 1위,전년 대비 40% 이상 상승하며 ... 2025. 6. 24. — LG전자의 브랜드 가치는 7조 8,571억 원으로, 상위 10대 브랜드의 평균 상승률인 10.7%를 4배 가... LG전자 뉴스룸 LG전자, 브랜드 가치 성장 1위…전년보다 40.9% 상승 2025. 6. 20. — LG전자 브랜드 철학인 'Life's Good' 메시지를 전달하는 영상의 한 장면. LG전자의 브랜드 가치가... www.etnews.com 세계 100대 브랜드 재진입, LG전자의 '브랜드다움' 만드는 방법 2024. 12. 26. — 명확한 브랜드 이미지를 정립하지 않았다는 페인포인트를 가지고 있던 LG전자는 최근 2년간 공격적인 글로벌 브... Naver Blog 모두 표시 AI 모드로 더 자세히 알아보기 AI 답변에 오류가 있을 수 있습니다. 자세히 알아보기","https://www.etnews.com/20250620000036, https://live.lge.co.kr/2506-lg-brand-worth/, https://www.lge.co.kr/brandhome, https://www.youtube.com/watch?v=QCD0tC0vCO4&vl=ko&t=10, https://www.lge.co.kr/company/info/brandIdentity, https://blog.naver.com/dbrmaster/223734738999, https://www.joongang.co.kr/article/25379238, https://www.lge.co.kr/story/trend/new-lge-vi, https://www.thelec.kr/news/articleView.html?idxno=20619, https://view.asiae.co.kr/article/2023041217024419744, https://www.newstomato.com/ReadNews.aspx?no=1289792, https://www.joongang.co.kr/article/25316536, http://www.choicenews.co.kr/news/articleView.html?idxno=161376, https://support.google.com/websearch?p=ai_overviews&hl=ko, https://policies.google.com/privacy?hl=ko","2026. 5. 19. 오후 6:23:55"
"신혼집에서 쓸 가전제품 마련하는 중이야. 집에 오래 머물지 않다보니 굳이 큰 제품이 필요하지 않을 것 같은데 어떤 제품군으로 마련하면 좋을지 추천해줘.","naver_ai","","not-mentioned","","","AI 브리핑 실험 단계로 정확하지 않을 수 있어요. 세탁기의 반란…가전제품 전통강자 TV 넘본다 네이버 뉴스 TV, 세탁기 부담없이 구입하세요! 네이버 뉴스 결혼3주년을 맞으면서 티비.세탁기 장만했습다. Amway이현주11딥노랑 네이버 카페 전자랜드 DCS 일산점 신혼가전보고 타건샵 체험도 했어요 리카네 네이버 블로그 전자랜드 DCS 일산점 신혼가전보고 타건샵 체험도 했어요 리카네 네이버 블로그 전자랜드 DCS 일산점 신혼가전보고 타건샵 체험도 했어요 리카네 네이버 블로그 여기가 입주가전의 성지! 전자랜드 죽전점 네이버 블로그 여기가 입주가전의 성지! 전자랜드 죽전점 네이버 블로그 부산 신혼부부 혼수가전 전자랜드 커넥트현대점 방문후기 비그링 네이버 블로그 친구 따라 갔다가 반한 전자랜드 혼수가전 구경 후기✨ 춰니 네이버 블로그 신혼집에서 오래 머물지 않으신다고 하셔서, ‘필수’는 먼저 냉장고·세탁기·TV 정도로 정리하고, 사용 빈도와 공간을 기준으로 식기세척기·청소기·커피머신 같은 ‘편의’ 가전부터 단계적으로 추가하시는 방식이 무난합니다. gisteak +1  특히 신혼 초에는 대형 TV보다 이동·이사에 부담이 적은 중형 TV가 부담을 줄이는 선택지로 언급됩니다. 미니 신혼집 가전 필수와 선택 가전 gisteak +1 구분	핵심 제품	선택 기준 필수	냉장고·세탁기·TV	생활 패턴, 공간, 이동 계획 선택	식기세척기·공기청정기·커피머신	사용 빈도, 유지관리 난이도 선택	로봇청소기·무선청소기	바닥 정리·협소","http://news.naver.com/main/read.naver?oid=018&aid=0003842477, http://news.naver.com/main/read.naver?oid=003&aid=0004279013, http://cafe.naver.com/fighting080808/32273?art=ZXh0ZXJuYWwtc2VydmljZS1uYXZlci1haS1icmllZmluZw.eyJ0eXAiOiJKV1QiLCJhbGciOiJIUzI1NiJ9.eyJjYWZlVHlwZSI6IkNBRkVfVVJMIiwiYXJ0aWNsZUlkIjozMjI3MywiY2FmZVVybCI6ImZpZ2h0aW5nMDgwODA4IiwiaXNzdWVkQXQiOjE3NzkxNzg4MjkyNjh9.PDJj3fZ4Zc5Vcq1_AnhYlzOKYtoTqtxlvn7yCTaQuPc, http://blog.naver.com/milksnow7/224040937514, http://blog.naver.com/land300330/224205227522, http://blog.naver.com/velyvley0/224041210861, http://blog.naver.com/chow22_/223823834686","2026. 5. 19. 오후 5:20:31"
"신혼집 백색가전 마련하려는데 제품군 별로 추천 모델 추려줘. 예산은 총 1천만원이야","google_ai","80","positive","LG전자, LG, LG, LG, LG, LG, LG, LG, LG, LG전자","삼성전자, 삼성, 삼성, 삼성, 삼성, 삼성, 삼성, 삼성","AI 개요 총예산 1천만 원은 신혼 가전을 '풀패키지'로 맞추기 매우 이상적인 금액입니다. 삼성전자나 LG전자의 최고급 라인업(비스포크 AI, LG 오브제컬렉션)을 기본으로 하면서, 필요한 기능 위주로 실속 있게 구성하기 좋습니다.  브랜드를 통일하여 구매 시 대량 구매 할인 및 상품권 페이백 혜택(웨딩 마일리지 등)을 꼭 챙기세요. 💰 필수 백색가전 세트 추천 (약 800~900만 원) 1. 냉장고: 200~250만 원 추천 모델: 삼성 비스포크 AI (4도어 프리스탠딩, 800L대) LG 오브제컬렉션 무드업 (4도어) 포인트: 메인 식자재 보관용으로 800L 이상의 4도어 제품이 무난합니다. 2. 세탁기 & 건조기: 250~300만 원 추천 모델: 삼성 비스포크 그랑데 AI 원바디 탑핏 LG 트롬 오브제컬렉션 워시타워 포인트: 세탁기와 건조기가 일체형으로 나오는 '원바디' 형태가 공간 활용과 디자인 면에서 가장 좋습니다. 세탁 24kg / 건조 17kg 이상 용량을 추천합니다. 3. TV: 200~250만 원 추천 모델: 삼성 OLED 4K (65인치) LG 올레드 evo (65인치) 포인트: 거실 크기에 따라 65인치를 가장 선호합니다. 화질을 중시한다면 OLED(올레드) 패널을, 가성비를 중시한다면 QLED(QNED)로 낮춰 예산을 100만 원대로 줄일 수 있습니다. 4. 에어컨: 150~200만 원  추천 모델: 삼성 비스포크 무풍에어컨 갤러리 LG 휘센 오브제컬렉션 타워 포인트: 거실용 스탠드와 안방용 벽걸이가 포함된 2in1 모델 기준입니다. 🎁 삶의 질 수직 상승 가전 (남은 예산으로 추가) 나머지 100~200만 원의 예산으로는 아래 가전 중 라이프스타일에 맞는 것을 선택해 보세요. 무선 청소기: 삼성 비스포크 제트 또는 LG 코드제로 오브제컬렉션 (약 80~120만 원) 식기세척기: LG 디오스 오브제컬렉션 (12인용 기준, 약 100~130만 원) 의류관리기: 삼성 비스포크 에어드레서 또는 LG 스타일러 (약 100~150만 원)  💡 구매 팁: 백화점이나 대형 가전마트(삼성스토어, LG전자 베스트샵)의 '웨딩페스티벌'이나 '오픈점(새단장 오픈매장)'을 방문하면 최대 20~30% 할인을 받을 수 있습니다. 브랜드 통합 견적을 꼭 받아보세요.  다이렉트결혼준비 신혼부부 필수 혼수가전 리스트 및 가격대별 가이드&할인꿀팁 🎯 혼수가전 할인받는 꿀팁 * 브랜드 프로모션과 혜택 활용 * 신규오픈, 리뉴얼오픈 행사매장 * 일괄 구매... 다이렉트결혼준비 가전예산은 1000만원 이상 잡아야할까 이내로 해결이 가능할까? 2025. 10. 16. — WEDDING BUDGET TALK가전 예산, 1000만원 이상? 이내?신혼살림 준비의 핵심인 가전 구입 예... 더퍼스트웨딩 신혼 가전 리스트 추천｜구매 순서·예산 현실 가이드 - 오늘의집 ▪️ 냉장고 150~200만 원▪️ 세탁·건조 150~200만 원▪️ 에어컨 100~150만 원▪️ TV·청... ohou.se AI 답변에 오류가 있을 수 있습니다. 자세히 알아보기","https://www.directwedding.co.kr/blog/wedding-honsu-list, https://thefirstwedding.com/UsefulTips/?bmode=view&idx=168228772, https://ohou.se/advices/12243, https://support.google.com/websearch?p=ai_overviews&hl=ko, https://policies.google.com/privacy?hl=ko","2026. 5. 19. 오후 5:20:50"
"신혼집 백색가전 마련하려는데 제품군 별로 추천 모델 추려줘. 예산은 총 1천만원이야","naver_ai","30","negative","LG","","AI 브리핑 실험 단계로 정확하지 않을 수 있어요. 전자랜드 혼수가전 브랜드 별로 한번에 둘러봐요! 콩순이 네이버 블로그 전자랜드 혼수가전 브랜드 별로 한번에 둘러봐요! 콩순이 네이버 블로그 전자랜드 혼수가전 브랜드 별로 한번에 둘러봐요! 콩순이 네이버 블로그 전자랜드 혼수가전 브랜드 별로 한번에 둘러봐요! 콩순이 네이버 블로그 전자랜드 혼수가전 브랜드 별로 한번에 둘러봐요! 콩순이 네이버 블로그 전자랜드 혼수가전 브랜드 별로 한번에 둘러봐요! 콩순이 네이버 블로그 전자랜드 혼수가전 브랜드 별로 한번에 둘러봐요! 콩순이 네이버 블로그 전자랜드 혼수가전 브랜드 별로 한번에 둘러봐요! 콩순이 네이버 블로그 전자랜드 혼수가전 브랜드 별로 한번에 둘러봐요! 콩순이 네이버 블로그 신혼집 백색가전 예산 1천만원이면 필수 4대(냉장고·세탁기·TV·청소기)를 먼저 확보하고, 남는 예산으로 생활 가전(식기세척기·건조기·로봇청소기 등)을 단계적으로 추가하는 방식이 가장 무난합니다. divers707.blogspot.com +1  검색 결과 기준으로는 전년도 모델을 활용하면 가격 대비 성능을 살리기 좋고, 집 크기·라이프스타일에 맞춰 용량·형태를 정하는 것이 핵심입니다. divers707.blogspot.com +1 신혼집 백색가전 예산 1천만원 추천 모델 divers707.blogspot.com +1 제품군	추천 모델(예시)	핵심 포인트	예산 범위(대략) 냉장고	LG 2도어 300 ~ 400L	2인 가구 기준, 슬림형 우선	100 ~ 200만원 			","http://blog.naver.com/kkkyj0307/223823971929","2026. 5. 19. 오후 5:20:46"
"신혼집에서 쓸 가전제품 마련하는 중이야. 집에 오래 머물지 않다보니 굳이 큰 제품이 필요하지 않을 것 같은데 어떤 제품군으로 마련하면 좋을지 추천해줘.","google_ai","45","positive","LG전자","삼성","AI 개요 신혼집에 머무는 시간이 적다면 공간을 덜 차지하고 효율적인 미니멀/소형 가전 위주로 구성하는 것이 좋습니다. 특히 청소, 세탁, 식사 등 필수적인 집안일을 빠르고 간편하게 해결해 주는 제품군을 추천합니다. 1. 세탁 및 의류 관리 소형 드럼세탁기 또는 미니 건조기: 부피가 큰 대형 제품 대신 10kg 내외의 세탁기와 단독 건조기를 설치하면 공간을 크게 절약할 수 있습니다. 의류관리기(스탠드형): 외출이 잦다면 매번 세탁하기 애매한 겉옷을 빠르게 관리하기 좋습니다. 2. 청소 및 주방 가전 무선 스틱 청소기: 집이 크지 않다면 가볍고 보관이 용이한 제품으로 충분하며, 물걸레 기능이 포함된 것을 고르면 더욱 편리합니다. 로봇 청소기: 집에 머무는 시간이 적을 때 알아서 청소를 해결해 주어 신혼부부의 만족도가 매우 높은 필수 가전입니다. 소형 식기세척기: 3~6인용의 컴팩트한 무설치형 또는 빌트인 식기세척기를 사용하면 설거지 시간을 획기적으로 줄여줍니다. 3. 식사 및 다이닝 멀티 에어프라이어: 오븐, 토스터, 에어프라이어 기능이 하나로 합쳐진 멀티 제품을 선택하면 주방 공간을 넓게 쓸 수 있습니다. 캡슐 커피머신: 외출 전후로 빠르고 간편하게 카페 퀄리티의 커피를 즐길 수 있어 활용도가 높습니다. 비스포크/오브제 컬렉션 2도어 냉장고: 대형 4도어 대신 주방 크기에 맞춰 1~2도어 제품을 깔끔하게 배치하는 것을 추천합니다. 4. 기타 생활 가전 공기청정기: 실내 환기가 부족할 때를 대비해 거실이나 침실에 둘 수 있는 슬림한 디자인의 제품을 구비하세요. 무선 선풍기 겸용 서큘레이터: 공간 차지가 적고 사계절 내내 공기 순환용으로 쓸 수 있습니다. 거주하시는 지역의 크기와 라이프스타일에 맞춰 가전제품을 비교해보고 싶으시다면 삼성스토어 또는 LG전자 공식 홈페이지에서 신혼 가전 패키지와 1~2인용 소형 제품 라인업을 둘러보시는 것을 추천합니다. AI 답변에 오류가 있을 수 있습니다. 자세히 알아보기","https://support.google.com/websearch?p=ai_overviews&hl=ko, https://policies.google.com/privacy?hl=ko","2026. 5. 19. 오후 4:12:57"
"신혼집 백색가전 마련하려는데 제품군 별로 추천 모델 추려줘. 예산은 총 1천만원이야","google_ai","80","positive","LG전자, LG, lg","","AI 개요 총 1천만 원 예산이라면 삼성/LG의 최상위 라인업(비스포크/오브제) 4~5개 품목을 묶음 구매(웨딩 프로모션)로 맞추거나, 7~8개 핵심 풀세트를 합리적으로 구성하기에 충분한 금액입니다. [필수 가전]과 [삶의 질 가전]의 제품군별 추천 모델과 현실적인 예산 배분입니다. 💰 예산 배분 추천 (총 1,000만 원) 대형 필수 가전 (냉장고, 세탁기/건조기, TV): 약 600~700만 원 편의 및 주방 가전 (식기세척기, 로봇청소기, 무선청소기): 약 200~250만 원 기타 소형 가전 (공기청정기, 전자레인지, 밥솥): 약 100~150만 원 📺 1. 대형 필수 가전 (약 600~700만 원) ① 냉장고 (키친핏 4도어, 약 200~280만 원) 삼성전자: 비스포크 4도어 프리스탠딩 LG전자: 오브제컬렉션 상냉장 냉장고 💡 팁: 주방 인테리어를 고려한다면 냉장고장 깊이에 딱 맞는 '키친핏'이나 '글래스(새틴)' 소재를 추천합니다. ② 세탁기 및 건조기 세트 (약 250~350만 원) 삼성전자: 비스포크 AI 콤보 (올인원 세탁건조기) 또는 비스포크 그랑데 AI 원바디 Top-Fit LG전자: 오브제컬렉션 워시타워 💡 팁: 공간 활용이 중요하다면 세탁과 건조가 하나로 이어지는 일체형 제품이 대세입니다. ③ TV (75인치~83인치, 약 150~250만 원) 삼성전자: QLED 4K 75인치; 가성비와 화질을 모두 잡은 모델 LG전자: 올레드(OLED) B시리즈 77인치; 압도적인 명암비와 게이밍 성능 💡 팁: 거실 사이즈가 30평형대라면 75인치 이상을 추천합니다.  🍽 2. 편의 및 주방 가전 (약 200~250만 원) ④ 식기세척기 (12인용~14인용, 약 120~150만 원) LG전자: 디오스 오브제컬렉션 트루스팀(12인용) 삼성전자: 비스포크 식기세척기 카운터탑/빌트인 💡 팁: 식기세척기는 거거익선입니다. 프리스탠딩보다는 주방 싱크대 하부를 리폼해 빌트인으로 설치하는 것이 가장 깔끔합니다. ⑤ 청소기 세트 (약 80~120만 원) 무선 청소기: LG 코드제로 오브제컬렉션 A9X 또는 삼성 비스포크 제트 AI 로봇 청소기: 로보락 S8 MaxV Ultra 또는 [드리미 L40 Ultra] ✨ 3. 소형 가전 및 기타 (약 100~150만 원) 에어프라이어: 필립스 HD9252 또는 대우 에어프라이어 오븐 (약 10~15만 원) 전기밥솥: 쿠쿠 6인용 IH 압력밥솥 (약 30~40만 원) 공기청정기: 삼성 비스포크 큐브 에어 또는 LG 퓨리케어 360도 알파 (약 50~70만 원) 💡 신혼 가전 구매 노하우 일괄 구매 할인: 필요한 품목을 한 브랜드에서 3~5개 이상 묶어서 구매할 때 가장 할인 폭이 큽니다. 삼성디지털프라자 또는 LG전자 베스트샵의 웨딩북 / 비스포크 웨딩클럽에 가입하여 견적을 받아보세요. 백화점 및 대형마트 프로모션: 가전은 발품을 팔수록 저렴해집니다. 백화점 웨딩 마일리지나 신규 오픈/리뉴얼 매장의 특별 행사를 활용하면 수십만 원의 상품권 페이백을 받을 수 있습니다. 온라인 최저가 확인: 품목별로 비교적 할인이 적게 들어가는 소형 가전은 인터넷 최저가를 활용하는 것이 예산 절약에 도움이 됩니다. 입주가전의 사진 검색결과 832개 | 라이프스타일 슈퍼앱 TV는 거거익선 아시죠~? 3년전 신혼 가전을 삼성 으로 맞추면서 TV 는 꼭 삼성 더 프레임으로 하고 싶었... ohou.se AI 답변에 오류가 있을 수 있습니다. 자세히 알아보기","https://ohou.se/cards/feed?query=%EC%9E%85%EC%A3%BC%EA%B0%80%EC%A0%84, https://support.google.com/websearch?p=ai_overviews&hl=ko, https://policies.google.com/privacy?hl=ko","2026. 5. 19. 오후 2:55:53"
"LG의 브랜드 인지도와 브랜드 이미지, 장단점 분석해줘.","google_ai","90","neutral","LG, LG전자, lg","","AI 개요 LG는 글로벌 가전 및 IT 시장에서 높은 인지도를 자랑하며, ""가전은 역시 LG""라는 소비자 평가와 함께 '신뢰성'과 '혁신'을 상징합니다. 최근 '라이프스 굿(Life's Good)' 캠페인 등을 통해 젊고 역동적인 브랜드로 탈바꿈하고 있습니다.  소비자평가  +4 LG의 브랜드 인지도, 이미지, 그리고 핵심 장단점을 명확하게 분석해 드립니다.  📊 브랜드 인지도 (Brand Awareness) 글로벌 위상: 북미, 유럽 등 주요 시장에서 프리미엄 가전 브랜드로 확고히 자리 잡았습니다. 지속적인 브랜드 가치 성장: LG전자는 최근 베스트 코리아 브랜드 중 가치 성장률 1위를 기록하는 등 글로벌 시장에서의 인지도와 경제적 가치가 크게 상승하고 있습니다. B2B 시장 확대: 스마트 라이프 솔루션 기업으로 도약하며, 일반 소비자(B2C)뿐만 아니라 전장(자동차 부품), AI, 로봇 등 B2B 영역에서도 인지도를 빠르게 넓혀가고 있습니다.  전자신문  +2 🎨 브랜드 이미지 (Brand Image) 내구성 및 기술력 (인간 중심의 혁신): 가전제품의 기본기를 가장 잘 갖춘 브랜드, '믿고 쓰는 브랜드'로 인식됩니다. 따뜻함과 친근함: 기존의 '럭키금성(Lucky Goldstar)' 유산과 더불어 '미소를 만드는 따뜻함'이 브랜드 철학에 녹아 있어, 고객에게 친밀하게 다가가는 이미지를 줍니다. 트렌디하고 역동적인 이미지: 2023년부터 진행된 브랜드 리인벤트를 통해 영문 로고에 활력을 더하고 'LG 액티브 레드'를 적용하여 더 젊고 진취적인 이미지를 강화했습니다.  (주)LG  +2 ⚖️ 장단점 분석 👍 브랜드 장점 (Strengths) 압도적인 가전 경쟁력: 백색가전(냉장고, 세탁기 등) 분야에서 세계 최고 수준의 품질과 시장 점유율을 자랑합니다. 충성도 높은 고객층: 제품의 품질과 탄탄한 A/S에 대한 높은 만족도를 바탕으로 소비자 충성도가 매우 높습니다. 과감한 혁신과 철수: 시장 트렌드에 맞춰 과감하게 적자 사업(예: 스마트폰 사업)을 철수하고, 그 역량을 전장 및 AI 신사업에 빠르게 재배치하는 유연성을 보여줍니다. 👎 브랜드 단점 및 과제 (Weaknesses/Challenges) 모바일 사업 철수의 여파: 과거 스마트폰 시장에서의 고전과 철수가 기업의 종합적인 테크 이미지를 희석시킨 면이 있습니다. B2C에 편중된 인식: 글로벌 시장 점유율에 비해 전반적인 종합 브랜드 가치가 '가전' 카테고리에 다소 한정되어 평가받는 경향이 있습니다. MZ세대 타겟팅의 지속성: 젊은 세대에게 친숙하게 다가가기 위해 브랜드 리인벤트를 진행하고 있으나, 기존의 '전통적인 가전 브랜드'라는 무거운 이미지를 완전히 탈피하는 데는 지속적인 마케팅 노력이 필요합니다.  YouTube  +2 💡 참고 링크: LG전자의 공식적인 철학과 브랜드 아이덴티티에 대한 자세한 내용은 LG전자 브랜드 아이덴티티에서 확인하실 수 있습니다. LG전자, 브랜드 가치 성장 1위…전년보다 40.9% 상승 2025. 6. 20. — LG전자의 브랜드 가치가 전년 대비 40.9% 상승했다. 베스트 코리아 브랜드 50개 기업 중 최대 상승으로... 전자신문 CI | LG 소개 LG 브랜드의 뿌리 '락희'와 '금성' · LG 브랜드의 뿌리는 1947년 설립된 락희화학공업사에서 시작되었... (주)LG The Story of LG Electronics' Brand reinvention💫 How They ... 2024. 11. 19. — 무엇일까요 새로운 비전과 새로운 LG 위인트를 정의하는 것에 그치지 않고 임직원들이 우리의 새로운 비정과. ... 1m YouTube · LG그룹 모두 표시 AI 답변에 오류가 있을 수 있습니다. 자세히 알아보기","https://www.iconsumer.or.kr/news/articleView.html?idxno=24433, https://www.etnews.com/20250620000036, https://www.lg.co.kr/about/ci/story, https://www.youtube.com/watch?v=QCD0tC0vCO4&vl=ko&t=10, https://www.lge.co.kr/company/info/brandIdentity, https://view.asiae.co.kr/article/2023041217024419744, https://kookminadpr.tistory.com/724, https://www.lge.co.kr/story/trend/new-lge-vi, https://designcompass.org/2023/04/17/lg-rebrand/, https://www.happycampus.com/aiWrite/topicWiki/385078, https://live.lge.co.kr/2307-lgreinvent/, https://support.google.com/websearch?p=ai_overviews&hl=ko, https://policies.google.com/privacy?hl=ko","2026. 5. 19. 오후 1:45:36"
"LG의 브랜드 인지도와 브랜드 이미지, 장단점 분석해줘.","naver_ai","65","negative","LG, LG전자, lg","","AI 브리핑 실험 단계로 정확하지 않을 수 있어요. LG전자 2022년 인기 상품 비교 장단점과 선택 가이드 예스인테리어필름 네이버 블로그 LG 정품 소형 전자제품 가치를 높이는 5가지 선택 비교 분석 장단점 uamnvmwwh356 네이버 블로그 LG전자, 미국 CES서 ‘씽큐’ 장점 알린다 네이버 뉴스 LG전자 베스트 제품 품질과 성능으로 입증된 5가지 장단점 비교 분석 auyoenwrk898 네이버 블로그 LG 가전 구독 단점, 3가지 체크 필수! LG전자렌탈센터 네이버 블로그 엘지 가전 구독 서비스 장단점 알아보기 라라 네이버 블로그 LG전자, 2분기 신가전 덕분에 ‘안도’…“3분기 녹록치 않아”(종합) newstomato.com ""장점이 단점으로…"" LG 사라진 외인효과 네이버 뉴스 LG전자, 美서 이색 콘텐츠 앞세워 올레드 팬덤 강화 asiatoday.co.kr LG전자, 글로벌 전시 연속 출격… ""B2B 비중 40% 확대 시동"" kdfnews.com 검색 결과만으로는 LG의 브랜드 인지도와 브랜드 이미지를 객관적으로 측정한 지표(설문, 상표권, 검색량 등)를 직접 확인하기 어렵습니다. 디자인DB +1  다만 LG전자는 프리미엄 포지셔닝과 사용자 경험(UX) 중심의 차별화, 디지털 콘텐츠를 통한 브랜드 가치 강화가 반복적으로 언급됩니다. Prime Career +1 LG 브랜드 인지도와 이미지 핵심 포인트 Prime Career +1 프리미엄 포지셔닝: 전자·생활용품 계열에서 ‘프리미엄 전략’과 ‘사용자 경험’에 강한 문화가 언급됩니다. Prime Career 디지털 콘텐츠 강화: 글로벌 시장에서 스마트홈·AI·로봇 등 첨단 기술을 강조하는 콘텐츠로 인지도와 브랜드 가치를 높인 사례가 제시됩니다. 레포트월드 브랜드 가치 수치: 2001년 연구 결과에서 LG전자의 브랜드 가치는 36,725억 원으로 제시되지만, 해당 자료는 2001년 데이터이므로 현재와는 차이가 큽니다. 디자인DB 장점 디자인·브랜딩 중심 사고: 제품 콘셉트 단계부터 톤&매너, 프리미엄 이미지, 공간과의 조화 등 정성적 요소를 기획에 반영하는 경향이 있습니다. Prime Career 세밀한 타깃팅: 동일 카테고리 내 고객 세그먼트를 쪼개고 기능·디자인·가격을 조합하는 방식으로 차별화를 추구합니다. Prime Career 협업 경험: 디자인·마케팅·영업·리테일·해외 법인 등과 협업하며 PM 역량을 키우는 환경이 언급됩니다. Prime Career 단점과 개선 포인트 속도 편차: 사업/조직에 따라 출시 속도와 업무 리듬이 편차가 크다는 점이 언급됩니다. Prime Career 단기 성과 압박: 일부 영역에서는 분기·프로모션 단위의 단기 성과 중심이 발생할 수 있다는 점이 제시됩니다. Prime Career 브랜드 인지도 측정 공백: 제공된 자료만으로는 LG의 현재 인지도(인지도·상호연상·충성도)를 수치화해 비교하기 어렵습니다. 디자인DB +1 출처 4건 전체보기 디자인DB 브랜드 가치 평가에 관한 연구 (결과보고서) Prime Career 삼성 vs LG vs CJ 상품기획팀, 어디가 커리어 성장이 빠를까? | 대기업 상품기획 레포트월드 광고물 선정 배경 광고물 개요 브랜드 이미지 분석 광고물의 장점 광고물의 단점 종합 평가 레포트월드 [면접] LG전자 브랜드마케팅(콘텐츠제작) 면접 질문 및 답변 합격 예문 기출 문항 최종 준비 자료 관련 질문 LG전자와 삼성전자 세탁기 기술 비교 자료 알려주세요 LG생활건강 화장품 브랜드의 글로벌 시장 점유율 알려주세요 LG전자 프리미엄 가전제품의 주요 기술 혁신 알려주세요","http://blog.naver.com/ho4s60gu/223610983007, http://blog.naver.com/uamnvmwwh356/223564158264, http://news.naver.com/main/read.naver?oid=005&aid=0001139961, http://blog.naver.com/auyoenwrk898/223564587955, http://blog.naver.com/lgrental-114/223757205297, http://blog.naver.com/holylight10022/223460040892, http://www.newstomato.com/ReadNews.aspx?no=911059, http://news.naver.com/main/read.naver?oid=396&aid=0000405313, https://www.asiatoday.co.kr/view.php?key=20210511010004955, http://www.kdfnews.com/news/articleView.html?idxno=177300, https://www.designdb.com/usr/upload/board/zboardphotogallery176/20220314122803081_7429.0.pdf, https://prime-career.com/article/15843, https://www.reportworld.co.kr/other/o4939536, https://www.reportworld.co.kr/thema/t6120372","2026. 5. 19. 오후 1:45:34"
"신뢰도 있는 소스에서만 추려서 LG를 선택할 주요한 3가지 근거 알려줘.","google_ai","70","neutral","LG, LG전자, lg","","AI 개요 신뢰도 높은 증권 및 언론사 분석에서 공통적으로 꼽는 LG(LG전자)를 선택(투자 및 파트너십)해야 할 주요 근거는 다음과 같습니다. B2B(기업 간 거래) 중심의 체질 개선: 가전 중심에서 벗어나 자동차 전장(인포테인먼트 등)과 AI 데이터센터용 냉난방공조(HVAC) 설루션을 핵심 수익원으로 성장시켰습니다. 전장 사업은 누적 흑자를 기록하며 실적의 든든한 버팀목이 되고 있습니다. 글로벌 가전 시장에서의 압도적 지위: 유기발광다이오드(OLED)를 앞세운 프리미엄 전략과 혁신적인 '업(UP) 가전'을 통해 글로벌 생활가전 부문에서 매출 세계 1위 자리를 굳건히 지키고 있습니다. 미래 산업(AI·로봇)의 기술력: 자체 인공지능 '엑사원(EXAONE)'을 보유하고 있으며, 서비스 및 물류 로봇 분야에서 높은 경쟁력을 갖춰 단순 제조업에서 AI·로봇 플랫폼 기업으로 진화하고 있습니다.  네이버 프리미엄콘텐츠  +6 기업의 재무 실적과 사업 방향에 대한 자세한 내용은 위키트리 LG전자 주가 상승 기사 및 조선일보 전장 사업 성과 기사에서 확인하실 수 있습니다. 가전, TV 안 팔린다더니 LG전자는 왜 역대급 실적을 냈을까 2026. 4. 30. — AI 데이터센터는 엄청난 열을 발생시킵니다. 고성능 GPU와 서버가 밀집될수록 냉각 기술은 데이터센터 운영의... 네이버 프리미엄콘텐츠 LG전자 핵심 기업분석 - 2026년 하반기 - 자소설닷컴 ✔️ LG전자의 차별점. 글로벌 매출 1위2022년 기준 전세계 가전업체 중 매출 세계 1위를 달성했습니다. 자소설닷컴 가전 노하우 차량에 이식… 삼성·LG전자, '핵심 먹거리' 전장 뜬다 2026. 5. 11. — 가전 노하우 차량에 이식… 삼성·LG전자, '핵심 먹거리' 전장 뜬다 ... VS본부는 매출 3조644억원, 조선일보 모두 표시 AI 답변에 오류가 있을 수 있습니다. 자세히 알아보기","https://contents.premium.naver.com/economist/academy/contents/260429191830990xw, https://www.wikitree.co.kr/articles/1136694, https://www.chosun.com/economy/tech_it/2026/05/11/ND7TUESBE5EOBARVQLYRCOZXPM/, https://jasoseol.com/companies/789/insights, https://m.blog.naver.com/ne2ne2/224236672620, https://www.etnews.com/20260508000178, https://humanity-value.com/lg%EC%A0%84%EC%9E%90%EB%8A%94-%EC%99%9C-%EC%A0%80%ED%8F%89%EA%B0%80%EB%90%A0%EA%B9%8C-%EB%86%93%EC%B9%98%EA%B3%A0-%EC%9E%88%EB%8A%94-1%EC%A1%B0-%EB%8B%AC%EB%9F%AC%EC%A7%9C%EB%A6%AC-%EC%8A%A4/, https://m.ddaily.co.kr/page/view/2025073015213192293, https://support.google.com/websearch?p=ai_overviews&hl=ko, https://policies.google.com/privacy?hl=ko","2026. 5. 19. 오후 1:45:35"
"신뢰도 있는 소스에서만 추려서 LG를 선택할 주요한 3가지 근거 알려줘.","naver_ai","","not-mentioned","","","현재 이 검색어에 대한 AI 브리핑은 제공되지 않습니다.","","2026. 5. 19. 오후 1:45:31"
"LG의 시장상황을 최신 기준으로 분석하고 주요경쟁사 상황도 함께 조사해줘.","google_ai","65","negative","LG, LG전자, lg","","AI 개요 LG그룹은 현재 주력인 가전과 디스플레이 부문에서 프리미엄화 전략으로 수익성을 개선 중이나, 전기차 수요 둔화(캐즘) 여파로 배터리 부문에서 대규모 적자를 기록하는 등 사업 포트폴리오별로 뚜렷한 명암을 보이고 있습니다. 핵심 계열사의 시장 상황 및 주요 경쟁사 현황은 다음과 같습니다.  LG전자 뉴스룸  +1 1. LG전자 (가전 및 전장) 시장 상황: 주력인 가전(H&A)과 B2B 전장(VS) 사업이 이끌며 1분기 기준 역대 최대 매출을 기록했습니다. 특히 매출 기준 미국 가전 시장에서 월풀과 삼성전자를 제치고 2년 연속 점유율 1위(22%)를 기록하는 등 굳건한 입지를 보이고 있습니다. 주요 경쟁사: 삼성전자, 월풀(Whirlpool), GE 등이 있습니다. 가전 시장에서는 삼성전자와 치열한 점유율 경쟁을 벌이고 있으며, 글로벌 TV 시장에서는 삼성전자가 1위를 유지하는 가운데 LG전자가 OLED TV 부문 1위를 굳건히 지키고 있습니다.  LG전자 뉴스룸  +4 2. LG에너지솔루션 (배터리) 시장 상황: 북미 시장 내 파우치형 전기차 배터리 판매 감소와 ESS(에너지저장장치) 사업 확대를 위한 초기 비용 증가로 인해 1분기 적자를 기록하며 실적 부진을 겪고 있습니다. 다만 고객사들의 ESS 수요 강세를 바탕으로 반등을 노리고 있습니다. 주요 경쟁사: 압도적인 점유율 세계 1위인 중국의 CATL, 그리고 BYD가 글로벌 시장을 장악하고 있으며, 국내 경쟁사로는 삼성SDI, SK온이 있습니다. 미국 및 유럽 등 '탈중국' 정책 기조에 따라 글로벌 경쟁이 더욱 심화된 상태입니다.  YouTube ·한국경제TV  +3 3. LG디스플레이 (디스플레이) 시장 상황: 기존 LCD 중심에서 OLED로의 체질 개선에 속도를 내며 3분기 연속 영업이익 흑자를 기록했으나, 예상치를 밑도는 실적으로 주가 변동성을 겪고 있습니다. 프리미엄 차량용 디스플레이 시장에서는 높은 기술력을 앞세워 선두권을 유지하고 있습니다. 주요 경쟁사: BOE와 비저녹스(Visionox) 등 중국 기업들이 중저가 OLED 시장을 빠르게 잠식하며 공급량 점유율을 높이고 있어 기술적 격차 유지가 핵심 과제입니다. 국내 경쟁사로는 삼성디스플레이가 있습니다.  디일렉  +4 4. 기타 핵심 그룹 상황 LG이노텍: 애플의 핵심 협력사로 카메라모듈 부문에서 50% 이상의 높은 점유율을 차지하고 있습니다. LG유플러스: 통신 3사 중 유일하게 휴대폰 회선 점유율을 끌어올리며 통신 시장 내 지각변동을 주도하고 있습니다.  조선일보  +1 LG전자, 美가전시장 2년째 1위 지켰다 - 매일경제 2026. 2. 4. — 3일(현지시간) 미국 시장조사기관 트랙라인 등에 따르면 LG전자는 매출 기준 지난해 주요 가전 6개 품목이 ... 매일경제 LG전자, 1분기 최대 매출액 경신영업이익도 시장 기대치 큰 폭 ... 2026. 4. 6. — LG전자, 1분기 최대 매출액 경신 영업이익도 시장 기대치 큰 폭 상회. 2026-04-07 LG전자. LG... LG전자 뉴스룸 LG디스플레이 2026년 1분기 실적발표 컨퍼런스콜 전문 - 디일렉 2026. 4. 23. — LG디스플레이 2026년 1분기 실적 자료. (자료=LG디스플레이). LG디스플레이가 2026년 1분기 매출... 디일렉 모두 표시 AI 모드로 더 자세히 알아보기 AI 답변에 오류가 있을 수 있습니다. 자세히 알아보기","https://live.lge.co.kr/2604-lg-sales2026/, https://www.youtube.com/watch?v=mTDvFhfoPSk&t=15, https://www.thelec.kr/news/articleView.html?idxno=55565, https://www.chosun.com/economy/tech_it/2026/03/30/NXALETZCLNEADD5UBAF5KT2C7M/, https://www.mk.co.kr/news/business/11953064, https://www.chosun.com/economy/tech_it/2026/02/04/SKFS74I2CNE3JME35AE5KHWFUQ/, https://www.autoview.co.kr/ko-kr/articles/81240, https://www.etnews.com/20260511000250, https://www.kfenews.co.kr/news/articleView.html?idxno=653982, https://v.daum.net/v/pLQDkqgRrw, https://kr.investing.com/news/company-news/article-93CH-1924370, https://www.instagram.com/p/DXTdNiNk4d7/, https://www.edaily.co.kr/News/Read?newsId=02407526645414152&mediaCodeNo=257, https://www.mk.co.kr/news/business/11916823, https://www.chosun.com/economy/tech_it/2025/11/30/VFWYYOVWJZEKZAJ6K2SBF4JOCY/, https://www.businesspost.co.kr/BP?command=article_view&num=427403, https://support.google.com/websearch?p=ai_overviews&hl=ko, https://policies.google.com/privacy?hl=ko","2026. 5. 19. 오후 1:45:36"
"LG의 시장상황을 최신 기준으로 분석하고 주요경쟁사 상황도 함께 조사해줘.","naver_ai","70","neutral","LG, LG전자, lg","","AI 브리핑 실험 단계로 정확하지 않을 수 있어요. LG ""경쟁사 아예 만나지마라, 담합 걸리면 사장도 문책"" 네이버 뉴스 경쟁사가 아닌 적이 됐나… 삼성·LG 소송전 점입가경 네이버 뉴스 구광모 “LG의 중국 경쟁사들 위협 심각” 네이버 뉴스 [LG전자] Part 4. 경쟁회사 비교 공돌이산지니 네이버 블로그 LG CNS, 1분기 호실적 반등...경쟁사들과 '엇갈린 성적표' popcornnews.net 희비 갈린 2인자들···LG·현대重 '힘 실어주기' 롯데는 '경쟁유도' sisajournal-e.com LG가 움직이더니...삼성·SK와의 경쟁에서 밀리지 않기 위한 비밀 전략은? 이콘밍글 네이버 블로그 블록체인, 삼성이랑 LG 경쟁이 좀 기대되기는 하는데.... 로버트할리 네이버 카페 LG폰 3위경쟁서 완승 거뒀다 네이버 뉴스 LG와 분가그룹들의 신사업 경쟁 네이버 뉴스 제공된 검색 결과만으로는 2026년 5월 19일 기준 LG(전사) 시장상황을 최신 수치로 종합해 분석하기는 어렵습니다. community.linkareer.com +1  다만 LG전자의 모빌리티 고객경험 전략과 LG에너지솔루션의 북미 배터리 시장 확대, LG생활건강의 사업부문 비중 및 경쟁사 구분 등은 확인됩니다. 정보통신정책연구원 +1 LG의 시장상황 핵심 정리 정보통신정책연구원 +1 구분	핵심 내용	시사점 LG전자	전장사업(텔레매틱스) 글로벌 점유율 1위(23.3%) 추정, 모빌리티 고객경험 ‘Alpha-able’ 테마 제시	모빌리티는 이동수단을 넘어 고객 경험 차별화로 확장 LG에너지솔루션	2023년 상반기 실적 호조, 북미 배터리 사용량 10.1GWh(2021 대비 24% 증가), 2026년 550 ~ 570GWh 목표	미국 시장을 중심으로 생산능력 확대와 IRA 대응이 핵심 LG생활건강	화장품 44.7%, 생활용품 30.8%, 음료 24.6% 비중(2022)	사업부문별 경쟁사(아모레퍼시픽, P&G, 롯데칠성 등) 구분 필요 주요 경쟁사 상황 LG생활건강: 화장품·생활용품은 아모레퍼시픽, P&G 등이 경쟁사로 언급되며, 음료는 코카콜라(원액 구매·제조)와 롯데칠성음료가 경쟁 구도로 제시됩니다. LG LG에너지솔루션: 경쟁은 중국 배터리업계의 LFP 중심 저가 공세와의 대응(현지 증설, IRA 대응)으로 설명됩니다. 정보통신정책연구원 LG전자: 모빌리티는 전장사업 성장과 함께 완성차 업체와의 협력 확대(예: 제네시스 인포테인먼트 웹OS 공급)가 경쟁 우위 요인으로 제시됩니다. 정보통신정책연구원 최신 기준으로 보완할 자료 LG전자의 2026년 1분기/연간 실적(매출·영업이익)과 전장사업 비중, 모빌리티 고객경험 실행 성과(지표/사례). 정보통신정책연구원 LG에너지솔루션의 2026년 1분기 실적, 북미 생산시설 확장 진행상황, 경쟁사 대비 배터리 점유율(전기차·저장). 정보통신정책연구원 LG생활건강의 2026년 1분기 매출·사업부문 비중, 경쟁사(아모레퍼시픽·P&G·롯데칠성) 시장점유율/신제품/가격전략. LG 출처 5건 전체보기 정보통신정책연구원 통신시장 경쟁상황평가 정보통신정책연구원 2024년도 방송시장 경쟁상황 평가 community.linkareer.com 🐲 기업 분석 방법 (2024 취준생을 위한 단계별 가이드) - 링커리어 커뮤니티 LG LG ESG Reporting 2021-2022 LG 조주완 사장, 미래 모빌리티 고객경험 청사진 제시 관련 질문 LG전자 배당금 지급 현황과 전망 알려주세요 LG전자 전장사업본부의 2024년 매출 비중과 성장률 알려주세요 LG와 삼성전자의 2024년 스마트폰 시장 점유율 비교 자료 알려주세요","http://news.naver.com/main/read.naver?oid=009&aid=0002635323, http://news.naver.com/main/read.naver?oid=038&aid=0002341902, http://news.naver.com/main/read.naver?oid=032&aid=0003399011, http://blog.naver.com/engineersanjini/223217096295, http://www.popcornnews.net/news/articleView.html?idxno=120026, http://www.sisajournal-e.com/news/articleView.html?idxno=215940, http://blog.naver.com/econmingle/224076190374, http://cafe.naver.com/nexontv/1955519?art=ZXh0ZXJuYWwtc2VydmljZS1uYXZlci1haS1icmllZmluZw.eyJ0eXAiOiJKV1QiLCJhbGciOiJIUzI1NiJ9.eyJjYWZlVHlwZSI6IkNBRkVfVVJMIiwiYXJ0aWNsZUlkIjoxOTU1NTE5LCJjYWZlVXJsIjoibmV4b250diIsImlzc3VlZEF0IjoxNzc5MTY1OTM2NTgxfQ.krpd6JuhUWL1aw87kXDd8oUlFGAsMKuqahQEKbhFEp4, http://news.naver.com/main/read.naver?oid=016&aid=0000303520, http://news.naver.com/main/read.naver?oid=024&aid=0000026267, https://www.kisdi.re.kr/report/fileDown.do?key=m2101113024770&arrMasterId=3934580&id=1829176, https://www.kisdi.re.kr/report/fileDown.do?key=m2101113024973&arrMasterId=3934581&id=1863216, https://community.linkareer.com/employment_data/3110918, https://www.lg.co.kr/images/download/LG%20ESG%20Reporting%202021-2022_KR.pdf, https://www.lg.co.kr/media/release/26716","2026. 5. 19. 오후 1:45:44"